,1,2,3,4,5,6,7,8,9,10,11,12,13,14,15,16,17,18,19,20,21,22,23,24
366,0.2084961,0.9025879,0.5099182,1.0248108,0.9566345,0.9052429,1.1408997,0.8757324,1.3004761,1.5255737,1.3808289,0.9642334,0.69107056,1.1297913,0.9949951,1.179718,1.5862122,1.2803345,1.4815369,0.87594604,0.8902588,1.0268555,0.4076538,0.8547058
365,1.2505188,1.2414551,1.1873474,1.1773071,1.3310547,1.3304749,1.1704102,1.0567017,1.3681641,0.8413086,1.3149414,0.79208374,1.0732727,0.9209595,1.1226196,1.1531067,1.0495911,1.4153748,1.434967,1.5659485,2.3303223,2.1670837,2.2109985,1.8401794
364,1.5594482,1.6163025,1.3730164,1.3878174,1.0251465,1.0176086,1.1181641,1.2557678,1.2397766,1.1821289,1.4162598,1.370758,1.3074951,1.2154236,1.4398499,1.2998047,1.3608093,1.507721,1.5332642,1.4992065,1.3370667,1.2142334,1.1991577,1.46344
363,1.4546509,1.4882202,1.3051758,1.331604,1.1705017,1.3462219,1.2599487,0.9980774,1.0591736,1.125946,1.0625,1.6114197,1.2880859,1.5576172,1.0569763,1.0394287,1.1052246,1.1641846,1.0007935,1.2125854,1.8844604,1.7149048,1.6029663,1.703949
362,1.4279175,1.2757263,1.3219299,1.4663696,1.3009949,1.0610352,1.2993469,1.2015076,1.1626892,1.0960083,0.98861694,0.93911743,1.0534973,0.9477234,1.2548828,1.4611816,1.657898,1.3300781,1.4883118,1.7872009,1.354126,1.3723755,1.2569275,1.2516785
361,1.4185791,1.1283875,1.0203857,1.0489502,1.0370483,0.8472595,0.84539795,0.9352722,1.6080933,0.92245483,1.1179504,1.3747559,1.3734741,1.4832458,1.6184387,1.3146973,1.2024536,1.2823181,1.4490662,1.8511047,1.300293,1.3297119,1.3091431,1.7232056
360,0.98321533,0.88272095,0.9761658,1.1678772,1.1256104,1.0441284,1.13974,1.2336121,1.4405212,1.2710876,1.2836914,1.453125,1.3796387,1.1697693,1.6239624,1.5874939,1.4745789,1.6237183,1.4861145,1.1603088,1.2906799,1.1751099,1.0226746,1.3908997
359,0.56729126,1.070221,0.7250366,1.0358887,0.8595276,0.69091797,0.5343628,0.8484497,0.7653198,1.4234314,0.95358276,1.0329895,0.9998169,1.0488281,1.1003113,0.8554077,0.8804321,0.9510498,1.2025757,0.89349365,1.127533,0.74819946,0.47946167,0.9224243
358,1.2328796,1.330658,1.2426758,1.5713196,1.6227417,1.4894409,1.1639099,1.4301147,1.3053589,1.269928,1.5148621,1.1603699,1.3124084,1.2002869,1.5007935,1.3258057,1.2149048,1.189148,1.0307007,0.99560547,0.42474365,0.941803,1.0888062,1.1573792
357,1.6047363,1.3148804,0.96536255,0.97869873,1.0518799,0.8609314,1.2816162,1.1784363,1.1531372,1.51474,1.3626404,1.2539978,1.132721,1.2879028,1.3539124,1.5987244,1.6723938,1.4615784,1.7130432,1.6698608,1.7945251,1.3557434,1.3500366,1.3790588
356,1.398407,1.1315002,1.0971985,0.9906616,0.9043274,0.8670044,0.90530396,0.71395874,0.7110596,0.6128235,0.5188904,0.523407,0.57385254,0.83947754,0.68914795,0.1305542,0.33590698,0.7005615,0.9947815,1.3111267,1.5333862,1.5006409,1.8358154,1.5704346
355,1.6099243,1.0120544,0.99050903,0.6207886,0.9740906,1.0750122,0.97109985,0.94485474,0.8760681,0.76608276,0.7174072,0.5487976,0.5138855,0.5548096,0.36035156,0.5079956,0.536499,0.84365845,1.231842,1.7919617,1.9940796,1.8862915,2.0714417,1.7728271
354,1.4710388,1.095459,0.99713135,0.8572998,0.43948364,0.73254395,0.66171265,0.5523987,0.4581604,0.5216675,0.4807129,0.57717896,0.082611084,0.21807861,0.19689941,0.5690613,0.68011475,0.96102905,1.2582397,0.92767334,0.9403076,1.1499939,1.3945618,1.6243896
353,0.92892456,0.8975525,0.7156677,0.7322998,0.65319824,0.79644775,0.9878235,0.7902527,0.7980957,0.40359497,0.58291626,0.6179199,0.5064087,1.0123901,0.98394775,0.96325684,0.8444214,0.98550415,1.1851196,1.1272888,1.429596,1.4362488,1.7802734,1.4112549
352,1.1559143,1.0602112,1.0077515,1.0353699,0.8887024,0.6585083,0.879364,0.9012451,0.92337036,0.9569092,0.8041687,0.6826477,0.95269775,0.8468628,0.5475769,0.8595886,0.65023804,0.69311523,0.7495117,1.0227051,1.0577393,0.98306274,1.1114502,0.9873047
351,1.166687,0.92193604,0.88494873,1.1365051,1.2323303,0.92123413,0.67214966,0.9343262,1.0169983,0.881958,0.6696167,0.8847046,0.76412964,0.8676758,0.7480774,0.63531494,0.839386,0.9524536,1.27771,1.2978821,1.4812012,1.357544,1.3857117,1.1697388
350,1.2056274,1.4226379,1.5508118,1.7524719,1.6755981,1.5881042,1.9865417,1.8387451,1.3437195,1.3387756,1.367981,1.6714783,1.5334473,1.864685,1.558197,1.7033081,1.7695618,1.604187,1.6948853,1.4639893,1.4915771,1.4094849,1.3282166,1.1794434
349,0.87667847,1.3478088,1.8887634,1.8446045,1.5802307,1.5293274,1.6532593,2.1090698,1.3106384,1.6998291,1.4662476,1.4493103,1.5905762,1.6324768,1.5761719,1.4397583,1.4697571,1.2970581,0.9104004,0.7227173,0.9475403,1.2226868,1.258728,1.1088562
348,0.88494873,0.7680969,1.1630859,1.092041,1.0144958,1.0645447,1.1762085,1.2902222,1.5227661,1.302002,1.2588806,1.1692505,1.1897583,1.1146545,0.8201294,1.0010376,1.3447571,1.0550537,1.3348999,0.8048096,0.59588623,0.649353,0.5757141,0.8106079
347,0.96917725,1.1202393,0.72836304,0.8121033,1.2832336,1.0113525,0.92819214,0.7785034,1.0412292,1.0315552,0.8951721,0.8031311,1.1518555,1.0555725,0.6990967,1.1156921,0.91967773,0.9180298,1.078186,1.2593079,1.3863525,1.3228455,1.0752869,0.84072876
346,1.2400818,1.0805664,1.2044067,1.447998,1.635498,1.4216919,1.4482422,1.2008972,1.0659485,0.8409729,0.65560913,0.55648804,0.4475708,0.8814392,0.5553589,0.49951172,0.5258789,0.8494568,0.6781616,0.87164307,1.1726074,1.3884277,1.4069214,1.0210266
345,0.921051,1.3158875,1.5900574,1.6418762,1.8005371,1.7981567,1.8205566,1.7294922,1.7107544,1.7593384,1.7012634,1.7831421,1.5773926,1.651825,1.8671875,1.1697083,1.3055725,1.0880432,0.99035645,1.2141724,1.1760254,1.236908,1.2477112,1.2111206
344,1.4907227,1.6184998,1.561554,1.6182861,1.5794067,1.7096863,1.8011475,1.8718872,1.8486633,2.2833557,2.1811829,2.1009827,1.9501648,2.1523438,1.8643494,1.9208984,1.7792664,1.341095,1.0855713,1.4337463,1.1730957,1.1482849,0.7741394,0.67141724
343,1.3352356,1.8915405,2.0942078,2.2589111,1.8713684,2.329071,2.3189087,1.9679871,2.0022888,2.082306,1.7510376,2.1645508,1.9071655,2.2125854,1.9104614,2.0289612,1.4398193,1.5047302,1.3907776,1.1044312,1.1049805,1.2271423,1.1841431,1.2650146
342,1.6609802,2.272766,2.0789795,2.2061462,2.0527039,2.118744,2.0401,2.0679932,1.8662415,2.020172,2.21109,2.2402039,2.0287476,2.1177063,2.3277893,2.4102173,2.0775452,1.72052,1.1085815,0.9585571,0.83102417,0.8560486,0.9944153,0.80877686
341,1.8615417,1.8795776,1.9647827,1.6689148,1.5322571,1.6273804,1.59906,1.606781,1.6201477,1.8327026,2.004303,1.7841797,1.9502258,1.9658813,1.9129028,1.9537048,1.8630371,2.1064453,2.1374512,2.2711182,1.9580383,1.7185669,1.8875122,1.8125916
340,1.7461853,1.989563,1.8463745,1.9749451,2.0071106,1.5509338,1.9671936,1.7823181,1.9155884,1.8591003,2.0135803,2.0276184,2.0066528,2.0776367,2.1593323,1.9968567,1.7819214,2.0155945,1.8657532,2.104126,2.290039,1.9113464,1.9684753,1.6006165
339,1.8321838,1.6793213,1.5162964,1.5327148,1.4162292,1.6572266,1.2731323,1.1860046,1.5794373,1.5546875,1.7167969,1.8838196,1.9165344,1.6194763,1.8327942,1.9394226,2.0657349,1.9436035,1.9461365,1.4093323,1.499115,1.3235474,1.8499451,1.5688782
338,1.5176697,1.3746338,1.3630981,1.2823792,1.1553955,1.2410278,1.2750244,1.4534912,1.9467773,1.5787964,1.4337158,1.5001221,1.7689819,1.6706543,1.5336609,1.4780579,1.6249084,1.6499634,1.9606934,2.301361,1.5922852,1.4712219,2.0230103,1.5093994
337,1.2515564,1.243103,0.86654663,0.92630005,0.9367676,0.8128662,0.68847656,0.51223755,0.40826416,0.8675537,0.66915894,0.7944031,0.6036377,0.548645,0.47772217,0.39562988,0.68881226,1.4758301,1.9528809,2.3224182,2.2654114,1.9788818,1.8890991,1.6167297
336,1.537384,1.1459656,1.179779,1.0997314,0.96243286,0.785553,0.7350464,0.63623047,0.39511108,0.5349426,0.61102295,0.70635986,0.7822571,0.76763916,0.6539917,0.4239502,0.9312744,1.2944641,1.8222656,1.6835327,1.7139587,1.7990417,1.4490662,1.3509827
335,1.230072,1.5374756,1.9654236,1.9398499,1.9170227,1.6022339,1.6549988,1.4566956,2.0259705,1.7092896,1.5169067,1.3845215,1.7355347,1.6273804,1.5293884,1.5311279,1.7239685,1.6778564,1.2168274,1.2000122,1.4257507,1.2814636,1.1806641,1.4759216
334,1.8144531,2.0143738,1.9916382,1.9895325,1.9991455,2.1123657,2.077362,2.1984863,2.213501,2.1159058,2.143219,2.4309082,2.039795,2.0720215,1.9667969,2.2189026,2.019165,1.8520203,1.6412048,1.2080994,1.0509338,1.1617737,1.4504395,1.3179932
333,1.3868103,1.7016602,1.6629944,1.4277039,1.3703918,1.597992,1.5415344,1.3237915,1.4124756,1.45224,1.3870239,1.4087219,1.6245422,1.65979,1.4924316,1.6483765,1.688385,1.7366943,1.9024963,1.7707214,2.0613098,2.0598145,1.9192505,1.7430115
332,1.4911194,1.480957,1.5361633,1.5281372,1.5227051,1.3271484,1.4489136,1.5736389,1.392395,1.3042297,1.4478455,1.3909607,1.3778381,1.3815918,1.7306824,1.6631165,1.3934937,1.528595,1.6047363,1.7247009,1.7663574,1.8008423,1.7200317,1.7235107
331,1.440094,1.5002441,1.4700012,1.3521729,1.2575378,1.166565,1.2670288,1.7284851,1.8617249,1.4272156,1.5103455,1.4639893,1.4112244,1.620758,1.5776672,1.5611877,1.6498108,1.7256775,1.5192566,1.1080933,1.3572998,1.6430054,1.6425476,1.7051697
330,1.53656,1.2530212,2.0254822,2.1513977,1.7993164,1.763855,1.795227,1.7625427,1.8305054,1.8720703,1.8868103,1.84552,1.9328613,2.073761,1.8556824,1.9225159,1.8572693,1.444519,1.7848816,1.6411743,1.9281616,1.6103516,1.8564453,1.4014282
329,1.3735962,1.3161011,1.4781494,1.6252136,1.462738,1.5741577,1.8682251,2.0920105,1.9778442,1.8288879,1.4892578,1.95047,1.6886902,1.6020813,1.5721436,1.5574036,1.824646,1.7875977,1.6211243,1.6679382,2.1522217,2.0500488,1.8556519,1.5773926
328,1.5224915,1.4136353,1.3983765,1.2802124,1.4547424,1.6103516,1.4726868,1.854248,1.8887634,1.8898315,1.8286133,1.9552002,2.0610962,1.9343567,1.8341675,1.8533936,1.8023071,1.855133,2.0888062,2.0540466,1.5390625,1.3518677,1.2266846,1.0751038
327,0.93463135,1.2052917,1.348938,1.4083862,1.3258972,1.3675232,1.3600464,1.3224487,1.412262,1.3725281,1.5710449,1.8714294,1.6741028,1.5548401,1.2671814,1.6143188,1.4637756,1.7023621,1.723938,1.7167969,1.5446167,1.3460083,1.3441162,1.2905273
326,1.4307251,1.652771,1.8023376,1.7278442,1.5606384,1.5656128,1.7485962,1.74646,1.7119141,1.5994263,1.676117,1.9141235,2.040802,2.0324707,2.0031738,2.0992737,2.0314026,1.9990845,1.8190002,1.8618164,1.4725952,1.3373108,1.1791077,1.014801
325,1.032196,1.3409119,1.2306824,1.3208313,1.4145508,1.4183044,1.5292358,1.5432129,1.5375366,1.2781982,1.2630005,1.2825317,1.5899963,1.573883,1.8254395,2.0952148,1.8079224,1.64151,1.3099365,1.0703125,0.9579773,1.4355164,1.2248535,1.3386841
324,1.2537231,1.2293091,1.1703796,1.4081421,1.7163696,1.5682678,1.6056519,1.4804993,1.4827576,1.4139404,1.7141724,1.622467,1.7913513,1.7977295,1.6898193,1.5739136,1.4878845,1.5680847,1.543396,1.4681702,1.2659302,0.9627991,0.94454956,1.2039795
323,1.5490417,1.7934875,1.7257996,1.5677185,1.7869873,1.6782837,1.3644104,1.4335938,1.7021179,1.6477966,1.6992493,1.473877,1.5011292,1.53125,1.376648,1.4797668,1.3472595,1.688324,1.806488,2.170166,1.9460144,1.4664307,1.4837952,1.3503723
322,2.0798035,1.986969,1.6655579,1.7653503,1.6997986,1.8717957,1.8005066,1.7285767,1.70755,1.6876831,1.5474854,1.695404,1.7024536,1.5626221,1.688446,1.7555847,1.7429504,2.0149841,1.9821472,2.282135,1.9005127,1.931427,1.7750549,1.6504517
321,1.5538635,1.7939453,1.8499146,1.9398804,2.1003113,2.1107483,2.1200256,2.2966614,1.8912354,2.0523682,2.1703186,2.1576233,2.1263428,2.2242737,2.2807007,2.221222,2.2445984,2.4768982,2.598297,2.7352295,2.7984314,2.4983826,2.0064392,2.1779785
320,1.9537964,2.0769043,2.0738525,1.8440552,1.8009644,1.8447876,1.8734131,1.8295898,1.8821106,1.9432068,1.940155,2.2945251,2.327179,2.2357178,2.3726501,2.420105,2.0131226,2.1687927,2.137909,1.901825,1.4934387,1.758606,1.7886353,1.8013916
319,1.98703,2.1261902,1.9243164,2.0969238,2.022461,2.1275024,2.096405,2.1237793,2.3582458,2.038269,2.1393738,1.9453125,1.9074097,2.108429,1.9908752,2.0975037,1.9882507,1.9806824,2.3129272,1.948822,2.0300598,2.3085327,2.0339355,2.1677551
318,1.958313,1.879303,1.8989258,2.0010376,1.8905945,1.9059143,2.2046814,2.2800293,1.9124451,1.9360046,2.1970825,2.2505798,2.2740784,2.4415588,2.465454,2.2718506,2.5916138,2.3613586,2.2702332,2.7529907,2.4780884,2.4653625,2.0904846,1.8476562
317,2.079071,2.0451355,1.8014221,1.9870605,2.1768494,2.000763,1.9492798,2.1227417,1.9788818,1.9631958,1.8606567,1.9672241,1.8839417,1.893219,2.0047302,1.9248352,2.2523499,2.4143372,2.3251343,1.8407288,1.8088074,2.1567078,2.1825562,2.309082
316,2.6262512,2.1295166,2.2139587,2.199768,2.1017456,1.925293,1.986084,2.0599976,1.982544,1.9116211,2.0230408,2.0033875,2.2044983,2.3396301,2.5618286,2.4473877,2.5494995,2.6817932,2.8273315,2.8146362,2.9381714,2.5023193,2.151947,2.4849548
315,2.2531433,1.954956,1.8284607,1.8414612,1.6788635,1.7229004,1.8417969,1.9034119,1.673645,1.6962585,1.7863464,1.7363892,1.9338074,1.6887817,1.6699524,1.7457886,2.007782,2.5191956,2.3807068,2.0202637,2.3900452,2.3876648,2.5292358,2.643219
314,2.0074768,2.0081177,1.8069458,1.8480225,1.7208252,2.0105286,1.9309998,1.7504883,1.9151306,2.0265503,1.8699951,1.8140869,1.995636,2.0811768,1.8779907,2.0020752,2.1196594,2.3344116,2.3381653,2.718872,2.701294,2.5826416,2.336029,2.545227
313,1.6633606,2.0012207,1.9103394,1.9736938,2.1069336,1.9423828,1.8304138,1.9157715,1.8222656,1.7523499,1.7688599,1.6696472,1.752594,1.5474854,1.5252686,1.7112122,1.8700256,2.1665344,1.7632141,1.8192749,1.5809631,1.8008728,1.9561768,2.0923157
312,1.3569641,1.519043,1.475769,1.8206482,1.8711853,1.7631836,1.6746521,1.3194885,1.8590088,1.7851562,1.7073975,1.9285583,1.8356934,1.7862549,1.8024292,1.667572,1.4780884,1.4457092,1.3845215,0.9293213,1.0774841,1.6673279,1.7189941,1.7110596
311,1.4081116,1.4763489,1.4742737,1.4480896,1.4527283,1.427124,1.2687988,1.390686,1.2709045,1.3722839,1.2796326,1.4792175,1.4329529,1.4046936,1.583374,1.3116455,1.5128479,1.357544,1.2122192,1.244812,1.38031,1.4707642,1.3520203,1.4324341
310,1.8426514,1.636383,1.657898,1.3960266,1.3363037,1.2503967,1.355957,1.4073792,1.6134338,1.5442505,1.7449646,1.498352,1.5601807,1.5437317,1.6293945,1.3754272,1.6862488,1.7116699,1.3974304,1.3189087,1.5139465,1.3470764,1.453125,1.5499878
309,1.7357483,1.4358215,1.6269226,1.5518188,1.2348633,1.2407532,1.342865,1.4318542,1.2521057,1.3370972,1.2129517,1.2067261,1.3636475,1.3218994,1.3125916,1.1168823,1.674408,2.0011292,2.268158,2.1609802,2.1500244,2.082428,1.9989319,2.0341797
308,1.2919922,1.3477783,1.4515686,1.3361511,1.3218079,1.4566345,1.4735107,1.4437256,1.511322,1.5007019,1.326416,1.3836975,1.5441895,1.6784058,1.6859741,1.7090454,1.7123413,1.7401428,1.3958435,1.5887451,1.3638306,1.5154114,1.6052551,1.5138245
307,1.5917053,1.2834167,1.2696533,1.2085571,1.3778076,1.3218384,1.4283447,1.4434814,1.5083008,1.5599365,1.6105347,1.6062622,1.5110474,1.637146,2.0187683,1.782135,1.6076355,1.366333,1.1132202,0.7510071,1.8669739,1.6550598,1.6165771,1.2706299
306,2.0058289,1.6616516,1.3310547,1.5081177,1.3261108,1.3191223,1.3408813,1.1877747,1.2890015,1.2419434,1.1574097,1.176117,1.0821533,1.0495605,1.1053467,1.2388611,1.4302979,1.602478,1.4363403,1.1997681,1.338623,1.8612366,1.6824341,1.657898
305,1.8878784,1.1981201,1.3112488,1.3230591,1.0094604,1.2427368,1.34906,1.3816833,1.6179199,1.5595703,1.6530151,1.2295532,1.4624939,1.5127563,1.5782166,1.8190613,1.6678467,1.5471497,1.1398315,1.2814331,1.9238281,1.8161011,1.8981323,2.0185547
304,2.0743713,1.7871094,1.6187744,1.5443115,1.3356323,1.6408691,1.4924316,1.5003052,1.8485413,1.4820557,1.5757446,1.5411072,1.6854248,1.6070251,1.6488342,1.3683167,1.5038757,1.763855,1.4827576,1.7097168,1.5522766,1.7571106,1.7885437,1.5586853
303,2.7268677,2.165924,1.6441345,1.582428,1.4793701,1.3954773,1.3113098,1.180542,1.2982483,1.0841064,1.0912476,1.1183472,1.1762695,1.1400452,1.1369934,1.33844,1.6877441,1.973114,2.1507568,2.2082825,2.9351501,2.388092,2.1970215,2.1706848
302,2.0072937,1.8146057,1.4153748,1.468689,1.5185547,1.3046265,1.5583191,1.5140076,1.5319824,1.5596008,1.593811,1.582489,1.6670532,1.4981079,1.5744019,1.8443604,1.7509155,1.9579468,2.053833,2.3001099,2.1038513,2.3948975,2.5214844,2.9384155
301,1.9787903,1.5465088,1.4686279,1.3135071,1.4768677,1.4472046,1.500885,1.795105,1.7071838,1.6809082,1.6999512,1.3685303,1.4382324,1.5329285,1.4601135,1.3308105,1.8513489,2.0097656,1.83844,2.0856628,2.1557007,2.08078,1.9333496,2.0845337
300,1.6508789,1.5265198,1.3237,1.5751343,1.2173462,1.4116211,1.2293396,1.3114319,1.1286621,1.1106873,1.1837158,1.2409668,1.0111084,1.0567017,1.0206604,1.0343933,1.4445801,1.0578308,1.8077087,2.2996216,1.8725586,1.6588745,1.5447083,1.9918518
299,1.9375305,1.7563477,1.8867493,1.7583923,1.7649841,1.8569946,1.7522278,1.8278198,1.6997375,1.750824,1.9750061,1.9930115,2.0350342,1.7659302,1.8464966,1.7519226,1.4850769,0.9734802,1.2694702,1.0735168,1.3716736,1.252594,1.2243652,1.3615417
298,1.8466797,2.0472412,2.2174072,2.186554,2.0411377,1.9509583,1.9930115,2.0569763,2.021698,1.9646606,1.8582458,1.9179993,1.9028931,1.9025574,2.0258484,2.0615234,1.9515991,1.5500183,1.7575378,1.6437378,1.8288574,1.9568481,2.2809753,2.0404663
297,1.9732361,2.2859497,2.299286,2.2371216,2.3132935,2.1616821,2.2443542,2.0534058,2.0773315,1.883667,1.8716431,1.8738098,2.058838,2.2269592,1.923584,1.7915039,1.8317566,1.5157471,1.4881897,1.3155823,1.6574097,1.6341248,1.554718,1.7425232
296,1.9265442,1.9961853,2.1810303,2.0516663,2.0924988,2.0274353,1.9735718,1.8375854,1.9234619,1.8309021,1.7717896,1.8096924,1.7742615,1.7457886,1.8397217,1.9018555,1.8869934,1.9371948,1.8600769,2.4786987,2.552002,2.4122314,2.3216553,2.2765503
295,1.9062805,1.9281921,2.1113281,2.247406,2.1133423,2.1289368,2.2538452,2.1105957,2.0126343,2.0164795,2.0667114,1.8765259,1.8677673,1.6820374,1.9761658,2.1045227,2.1168518,1.9294434,2.1856995,1.8233643,2.3553772,1.8908691,1.6923523,1.5708008
294,1.6036072,1.606842,2.006012,1.9646912,1.9871521,2.0811157,2.281067,2.1011658,2.1589355,2.0453186,2.1872559,2.034668,1.9224548,1.9913025,1.8633728,1.725647,1.4589233,1.3966675,1.7496948,1.9090271,1.569519,1.7435608,1.9185791,1.8618164
293,2.0551453,1.836792,1.5610657,1.7166748,1.7056274,1.7739258,1.8250732,1.8819275,1.9856567,1.877533,1.9782715,1.9691772,1.9897156,1.9546204,1.9945374,2.1437073,1.980835,1.8009033,2.0898132,1.8959656,2.1905212,1.975769,2.0314026,2.160614
292,1.6883545,1.8408203,1.823883,1.7297058,1.4901733,1.5644836,1.4666443,1.8991699,1.7087402,1.6245117,1.5448914,1.5299072,1.5192566,1.5950317,1.5080566,1.5766602,1.5385742,1.8174133,1.698822,2.3207397,2.5276184,2.4134216,2.2308044,1.7113953
291,2.0135498,1.7795715,1.9450378,1.8804016,1.9996643,2.078888,2.0516357,2.1608887,1.9743652,2.3466797,2.0820312,2.251709,2.0250854,2.1525269,1.8945007,2.2934265,2.121704,2.1283264,1.7408752,1.7773743,1.8414917,1.9880066,1.7745361,2.131256
290,2.2465515,2.026764,1.9088135,2.0384521,2.0184631,1.9980774,2.0315552,2.282013,2.2576904,2.3122253,2.4033203,2.4396057,2.4077148,2.3590698,2.4468994,2.3138428,2.04953,2.185852,1.5021973,1.5415344,1.717804,1.6636658,1.6973267,1.7955322
289,2.1550903,2.276825,2.0770264,2.1037292,2.0491028,1.951355,1.988617,2.1955566,2.3371277,2.401001,2.1586914,2.149292,2.3241577,2.3258057,2.3249512,2.3851013,2.1878357,2.1766357,2.455902,2.4365845,2.5108032,2.3309326,2.3602295,2.588684
288,2.1106567,1.9080505,1.8580627,1.9395752,1.6193237,1.8904724,1.7172852,1.8166504,1.9995728,1.5616455,1.76828,1.9266357,1.8105469,1.9424133,2.138092,2.1952515,2.3743896,2.6299133,2.2597961,2.6924744,2.719513,2.510376,2.5049133,2.4295044
287,1.5115662,1.7263489,1.6767578,1.9308167,1.6580505,1.6117554,1.7218018,2.0231323,1.7828674,1.8587036,1.8286133,2.0635986,1.801239,1.8695068,1.8765564,1.9101868,1.8665466,1.9104614,2.032318,2.1558533,2.5691528,2.2938843,2.125122,2.252777
286,1.4909058,1.5806274,1.5886841,1.5600586,1.396637,1.5019836,1.5435791,1.517334,1.3837891,1.4370422,1.5039978,1.4536438,1.5617981,1.4836731,1.4853516,1.6699524,1.6226196,1.393158,1.4282837,1.2265625,1.7762451,1.5877686,1.423706,1.5926819
285,1.8449707,1.5999756,1.7607727,1.6115723,1.2731018,1.664978,1.7171326,1.7606506,1.6907349,1.9482727,2.194458,2.0147705,1.9901123,2.129547,2.1036987,2.0223389,1.8483887,1.84021,1.638977,1.5627441,1.6917114,1.8774719,1.5227966,1.4403992
284,1.8710632,2.1448364,2.0854187,2.0558167,1.8837585,1.6574707,1.93219,1.8901672,1.9220276,2.0788574,2.0743103,2.0641785,2.147461,2.3104248,2.374176,2.0358582,1.7940063,1.4610596,1.8408203,1.760376,1.5855103,1.618927,1.4736023,1.5820618
283,2.3900452,2.2879944,2.0434875,2.0536804,2.0124207,2.0822144,2.1083374,2.1299438,2.231598,2.2391663,2.0016174,2.0274353,2.0159912,1.9661865,2.0335388,1.752594,1.8822021,1.8598022,2.1617126,2.3157043,2.6906738,2.2237244,2.2047424,2.3932495
282,1.6100769,1.7136841,1.5688171,1.6622314,1.6119995,1.6612854,1.8686523,1.7294617,1.7393188,1.6000366,1.5910645,1.7124939,1.7745056,1.8027344,1.9725037,2.2142334,2.2106934,2.131012,2.2200012,2.3648987,2.6475525,2.304016,2.5255432,2.3188477
281,1.9731445,1.9298096,1.6314087,1.5904236,1.5325928,1.4588623,1.6329651,1.6295166,1.7148438,1.8786926,1.6065063,1.694458,1.7140198,1.9313049,1.9675903,1.783081,2.0023804,2.1231995,1.8839417,2.0836487,2.097992,2.0443726,1.915802,1.8920898
280,1.9606323,1.7181702,1.7772217,1.3398132,1.3691406,1.5256348,1.5804749,1.5886841,1.5622559,1.4971924,1.5053406,1.5031738,1.5007019,1.6362,1.3537903,1.455658,1.7934875,1.8157349,2.5705872,2.270996,2.1348572,2.2265015,2.366211,2.3207703
279,1.642456,1.5948181,1.7772217,1.6447754,1.7626648,1.7512817,1.6158447,1.5617676,1.4336853,1.4258423,1.3676758,1.5453796,1.5057373,1.4928894,1.4452515,1.6142273,1.9994507,1.7900085,1.5178833,2.1549988,2.1715393,2.101471,1.8645325,1.9078369
278,1.5556335,1.5285034,1.5543518,1.478241,1.4311218,1.4570618,1.7151489,1.6590271,1.8920593,1.6758118,1.8401184,1.6428528,1.804657,1.8544312,1.7157593,1.9506836,2.21167,2.1131897,1.8539429,1.9164429,2.0041504,2.0021057,1.8149719,1.8368225
277,1.7096558,1.4497375,1.6328735,1.6672974,1.6622314,1.8334045,1.7536926,1.7954407,1.9296265,1.8818054,1.8153076,1.800354,1.7679749,1.758606,1.9734497,2.0309448,2.1169739,2.017517,1.7998047,1.8405457,1.8778076,2.1132812,1.6298523,1.885315
276,1.6931763,1.6689758,1.6817627,1.5371399,1.7536926,1.9664001,2.0231323,1.9707031,1.9661255,1.9528503,1.9892883,1.8664551,1.9455261,2.007965,1.835083,1.7310486,1.4293213,1.4723206,1.8217163,1.4295654,1.9111328,1.8223572,1.863617,1.7850037
275,1.419281,1.4777832,1.5396729,1.4287109,1.530365,1.5055847,1.6540222,1.7487793,1.5783997,1.542633,1.6176758,1.6309509,1.6507263,1.7677612,1.802063,1.6895142,1.7340088,1.7310181,1.7885437,1.8564148,1.9138489,1.7814636,1.6448059,1.4704285
274,1.4366455,1.203064,1.3651733,1.4128723,1.4772034,1.399292,1.3351746,1.4350586,1.3487244,1.4740295,1.3166504,1.5398254,1.4891663,1.6464539,1.4692383,1.3964233,1.5440979,2.047882,1.5219421,1.481842,1.5395813,1.4610596,1.5545654,1.3802185
273,1.6086731,1.8729248,1.6528625,1.4005127,1.5501709,1.3591919,1.493988,1.423523,1.651001,1.7196655,1.5145874,1.6338501,1.5943909,1.6669006,1.499115,1.4628601,1.4212341,1.1475525,1.0323792,1.33844,1.1999207,1.3094482,1.3396606,1.4062805
272,2.165863,2.123352,1.7982788,1.6461182,1.495636,1.535675,1.7357788,1.6436157,1.707428,1.885315,1.8263245,1.9641724,1.967926,2.1345825,2.0671082,1.9937744,1.9719543,2.1982422,1.9198914,2.3003235,2.3796082,2.0500793,1.8632202,1.7789917
271,2.2714844,2.0965881,2.037506,1.8343811,1.9478455,1.7185059,1.7043762,1.7507629,1.70578,1.6713257,1.6305542,1.5370789,1.505127,1.6201172,1.4303894,1.7906189,2.8086548,3.009491,3.0163574,2.820984,2.610077,2.570984,2.6341553,2.3446045
270,2.6442566,2.6065063,1.8754883,1.9219055,1.8823242,1.7630005,1.7341919,1.8254089,1.7737732,1.7193298,1.6091003,1.6826782,1.7652588,1.5074463,1.5706787,1.7389526,2.7883606,2.7705994,2.6192627,2.4969788,2.2539368,2.3772583,2.453003,2.2827454
269,1.9586487,2.017212,2.0510254,1.9055176,1.9151611,1.9089355,1.780304,1.858551,1.980896,1.9240723,1.7671814,1.7875366,1.9619141,1.9464722,1.8083496,1.7978516,2.0650024,2.6341553,2.6257935,2.8930664,2.8095703,2.7966003,2.762085,2.6255798
268,1.6697998,1.5846252,1.7791443,1.7155762,1.8006287,1.7731018,1.4363708,1.9525146,1.8947449,1.899231,2.0021362,1.8731079,1.9247742,2.000183,1.999939,2.0941467,2.0618591,1.9916992,1.8580322,2.207672,2.2525024,2.4160461,2.0376587,2.100647
267,1.7199707,1.7070007,1.7217712,1.6192017,1.6367493,1.4713135,1.525116,1.5152893,1.4932251,1.5195923,1.4351196,1.408844,1.3642273,1.3188477,1.4299011,1.5787354,1.408081,1.5339966,1.2852478,1.6726379,2.1044006,1.5090637,2.0402832,1.8603516
266,1.2285461,1.3465576,1.5161743,1.4542236,1.8291626,1.8218079,1.6771545,1.6060181,1.561615,1.4919434,1.5421448,1.717865,1.8509521,1.869751,1.5949097,1.647644,1.4068909,1.6381226,1.3204956,1.6585999,1.802063,1.3860474,2.0076904,1.733429
265,1.3234863,1.5527649,1.5323792,1.7886963,1.6515503,1.7125244,1.5922241,1.9288635,1.6020203,1.607544,1.5598145,1.4422913,1.4179688,1.370697,1.5314941,1.6253052,1.4029846,0.92907715,1.1668396,1.4584961,1.2672424,1.0926208,1.2818298,1.4098206
264,1.5293579,1.413208,1.6761475,1.7236023,1.8035278,1.9310913,1.8873901,2.0040588,2.0596313,1.9501648,1.9642944,1.8421631,1.9062805,2.028839,2.0510864,1.9848022,1.5899048,0.9483948,1.1373901,1.8110962,1.7763977,1.694458,1.678009,1.5579529
263,1.5080261,1.4233398,1.6129761,1.5891113,1.6139526,1.6987,1.7131348,1.876709,1.9615784,1.9107666,2.0217285,1.9655762,1.943573,1.945282,1.9519653,1.7219849,1.8598938,1.9109802,1.65271,2.0673523,1.9974365,1.8066101,1.7929993,1.5249634
262,1.3706055,1.3859558,1.6264343,1.6669617,1.7210999,1.7858887,1.6921692,1.4349365,1.7304688,1.6120911,1.6482544,1.7723389,2.0195007,1.9788818,1.7805176,1.6263428,1.6851807,1.5414124,1.5844727,1.3430176,1.3764648,1.6799316,1.3672485,1.4063416
261,1.5843506,1.6208801,1.7466431,1.8072205,1.8577576,1.8999329,1.7974548,1.936676,1.8528442,1.9983215,2.061615,2.1741333,2.014862,1.9875488,1.9873352,1.9373779,1.6326294,1.5783997,1.4855042,1.5173035,1.427063,1.3671875,1.1835632,1.3510437
260,1.5299988,1.3878784,1.494751,1.5906372,1.531311,1.6036377,1.7297363,1.6309814,1.8169861,1.7398071,1.6861572,1.8063354,1.6903381,1.7713318,1.847229,1.8619385,1.6913147,1.3746948,1.5714722,1.4867249,1.828125,1.8345337,1.6771545,1.5947571
259,2.0502625,1.8235779,1.9092712,2.1429749,2.0628052,1.8644409,1.9908447,1.9964905,1.8971252,1.9353333,2.062683,2.057495,2.097046,2.0061035,1.8298645,1.6940918,1.3500671,1.55896,1.7441101,1.8287354,1.5395508,1.6060181,1.7267456,1.722229
258,2.595459,2.5604248,2.1737366,2.1010132,2.099121,1.9350891,2.1114502,2.0500183,1.9989014,1.9225769,2.1272583,1.9845886,2.0802612,2.010254,1.9650879,2.1089783,2.1326294,1.8937378,2.17865,2.2566833,2.1729736,2.1228027,2.2129211,2.0553894
257,1.9108582,1.7701416,1.6106567,1.7630005,1.5509033,1.8061218,1.6577148,1.789154,2.0447998,1.9737854,1.8998413,1.9925842,2.015442,1.967804,1.972168,1.8070068,2.1520386,2.5917664,2.4013977,2.5323486,2.8775024,2.624054,2.652008,2.6359558
256,1.0604248,1.2421265,1.1697083,1.2868958,1.3103333,1.3829346,1.5767212,1.5275879,1.5813293,1.6531677,1.9037476,1.8997803,1.8983765,1.6072998,1.6254883,1.3833618,1.0653076,1.4941406,1.8665161,1.7780151,2.2243958,2.136322,2.1654663,1.7185364
255,1.3250732,1.3153076,1.222992,1.3124084,1.4472656,1.4844055,1.6684875,1.6334839,1.5053711,1.5223999,1.6382751,1.6026917,1.801239,1.6804199,1.8491821,1.357605,0.8718262,0.8664551,1.1267395,1.1703796,0.9151306,1.34906,1.0217285,1.0670166
254,1.2090149,1.3478394,1.2301025,1.3486023,1.3642273,1.302002,1.183197,1.4846191,1.3604431,1.3679504,1.4241638,1.5478821,1.5671082,1.598999,1.5421753,1.1677246,1.1319885,1.2624207,1.1038818,1.1248474,1.2062378,1.3313293,1.1874695,1.3052979
253,1.8642273,1.6222534,1.6513977,1.9009705,1.6091309,1.5746155,1.5788574,1.5712585,1.5444946,1.6047974,1.6180115,1.6549377,1.7756653,1.7342529,1.5609131,1.4310303,1.2697754,1.0334778,1.1010132,1.0929871,1.1134338,1.368927,1.3603821,1.3694458
252,1.9804077,1.9265137,1.764801,1.9770508,1.9161987,1.9437866,1.8587036,1.9454346,2.0177307,1.7338257,1.7297363,1.6893616,1.8588257,2.0680542,1.8728333,2.0493164,2.1461487,1.8649292,1.7232971,1.622406,1.802887,1.9714661,1.4737244,1.8318481
251,1.4761963,1.5779114,1.5673523,1.5047913,1.5956421,1.6711426,1.6333923,1.6934509,1.9395447,1.8200378,1.7964783,1.8500366,1.8876648,2.0331116,2.1012573,2.0610962,1.9076843,1.9491577,1.9181213,1.9258423,1.8318787,2.096161,1.9384155,1.8430786
250,1.2277527,1.1799316,1.4389038,1.533783,1.4906616,1.4770813,1.4915466,1.6905212,1.7703247,1.6404419,1.6818542,1.6934204,1.7890625,1.830719,1.828064,1.65448,1.4378662,1.3679199,1.4226685,1.5238953,1.5926514,1.5779724,1.4815979,1.6360474
249,1.5852051,1.4749451,1.4537354,1.8273926,1.792633,1.7104492,1.6626587,1.8300781,1.658905,1.8817139,1.9021606,1.8077698,2.1485596,2.049347,1.9227295,1.6230164,1.3431091,1.3633423,1.3283691,1.346283,1.2910461,1.3675537,1.2998657,1.2780457
248,1.5825806,1.5035095,1.4690552,1.4904785,1.8081055,1.7696228,1.7094421,1.6501465,1.8198242,1.847229,1.83844,1.8786011,1.887207,1.913269,1.8943481,1.8306885,1.6169739,1.5835266,1.4651489,1.6128845,1.4610596,1.5708313,1.6703796,1.4304504
247,0.74087524,0.9145813,0.9613037,1.4537659,1.3304749,1.4073181,1.4884338,1.473175,1.5422058,1.5733032,1.704071,1.6475525,1.5272217,1.537262,1.5814209,1.4201965,1.0579834,0.9208679,0.9467163,1.0200195,1.2429504,1.3256226,1.3173523,1.3635559
246,0.7375488,0.76330566,1.0125122,1.3518066,1.2215881,1.3591309,1.3656006,1.4124756,1.5559998,1.2452393,1.7099915,1.5977173,1.6139526,1.538971,1.6564636,1.526947,1.1629944,0.8209839,0.8686218,0.9756775,0.84906006,1.0010986,0.68756104,0.8038025
245,1.1889648,1.1626587,1.2537842,1.4188843,1.4764099,1.4067993,1.572815,1.5592346,1.5048828,1.4906616,1.4755249,1.5050964,1.5091248,1.5868225,1.3171387,1.1634216,1.2893066,0.9958801,0.84643555,1.0403137,1.0852051,0.8825073,0.82681274,0.76297
244,1.3730774,1.2419739,1.2472839,1.272583,1.3179932,1.3681335,1.2048645,1.3603516,1.4289551,1.5557556,1.4533081,1.4230957,1.4682312,1.4988708,1.5027466,1.1411133,0.8356323,1.2053223,1.1281433,1.226532,1.1752014,1.1939392,1.1946411,1.2157593
243,1.211029,1.12854,1.2429504,1.2743225,1.2730713,1.2905273,1.3345642,1.3954773,1.3322754,1.4970093,1.4371338,1.5540466,1.5670471,1.5808716,1.61969,1.2363586,0.94400024,1.1149902,1.0855408,1.3066406,1.2973328,1.2181702,1.2680054,1.3518982
242,1.1255493,1.1962585,1.216919,1.1726685,1.2680969,1.1683655,1.1394348,1.2473755,1.1093445,1.1243286,1.3337402,1.3145447,1.1332092,1.1876831,1.2647705,1.2939758,1.3467407,1.2629395,1.2450867,1.110321,1.279541,1.2963867,1.2214966,1.221405
241,1.6622925,1.5097656,1.4950256,1.684021,1.6326599,1.725708,1.5440674,1.7102661,1.5184937,1.5350037,1.7210999,1.7489929,1.7554626,1.8568115,1.7233887,1.6753845,1.4471741,1.4924927,1.4051208,1.3374634,1.2085571,1.1479797,1.2689514,1.0699463
240,1.4995728,1.3754883,1.3248291,1.5795593,1.503479,1.5315857,1.4165344,1.5258179,1.4207764,1.6748962,1.5978699,1.7463989,1.7088928,1.8120117,1.9211121,1.7350769,1.9909363,1.9638062,1.8562012,1.9334412,1.9237366,1.826294,1.8158569,1.7492676
239,1.2628479,1.291748,1.3988037,1.462738,1.3899841,1.5213013,1.3686523,1.4821777,1.6064758,1.6442566,1.5280151,1.4352722,1.5340881,1.4362488,1.6140747,1.53125,1.5901489,1.702179,1.4822388,1.5966492,1.5929565,1.6955872,1.4516296,1.4181213
238,1.0663147,1.0852966,1.1843872,1.3742371,1.6137695,1.5617371,1.5274353,1.4283752,1.4821167,1.4089966,1.4740906,1.3148804,1.4353638,1.3665771,1.2884827,1.3461609,1.651062,1.2428284,1.2993164,1.2738037,1.4180603,1.4211426,1.2841187,1.2804871
237,1.1350098,1.0748596,1.2795105,1.5896606,1.6756897,1.8523254,1.813446,1.8731995,1.8719177,1.798584,1.7623291,1.699707,1.8360596,1.8361206,1.8622131,1.8643188,1.47406,1.4993286,1.3227844,1.0708923,1.2104187,1.393219,1.0613403,1.0818787
236,1.0235901,1.0822449,1.2382812,1.6238403,1.9043884,2.1008606,1.9657898,1.8323364,1.9380188,1.8389893,1.9055786,1.8683777,1.9506226,2.0259705,2.053711,1.8941956,1.4290771,1.2838745,1.1918335,1.222229,1.4329529,1.2756042,1.3972168,1.3096313
235,1.2073975,1.142334,1.2573547,1.7894287,2.0023804,2.1921997,1.9864502,2.0578613,2.0922241,1.9645386,2.1297607,2.1009521,2.1047058,2.0469055,2.04187,1.9589539,1.383728,0.7798157,0.9532776,0.927948,0.9526367,0.90701294,0.91744995,1.009552
234,1.1850586,1.019928,1.1694031,1.6594238,1.618988,1.6712646,1.578125,1.6638184,1.7144165,1.8909607,1.8847656,1.8354492,2.015564,1.9469299,1.9566345,1.9140015,1.3444824,1.1830444,1.114502,1.3630066,1.5357666,1.1341553,1.4544678,1.0866089
233,1.5536804,1.5531616,1.7223511,1.6631165,1.7467346,1.9004517,1.8038025,1.8492126,1.817749,1.8901978,1.8738403,1.9129944,1.9694214,2.0061646,1.9707336,1.9557495,1.6885376,1.455658,1.3800964,1.3714294,1.1772156,0.99520874,1.1222229,1.2581482
232,1.5975647,1.6237488,1.5632935,1.7347412,1.7840576,1.9409485,1.9869385,1.9405518,2.0196533,1.7194824,1.8855591,1.9032898,1.8857727,1.9189758,1.9963074,2.1979675,2.0603638,2.0720215,1.8772278,1.7618713,1.9725647,1.7285767,1.7241211,1.6086731
231,1.6631165,1.6490784,1.662384,1.7808533,1.7980957,1.8827515,1.9242859,1.8355713,1.8467712,1.7619019,1.7903748,1.8531189,1.8640137,1.8331604,1.9125671,1.90271,1.8261108,1.6003723,1.5721741,1.6542664,1.645874,1.6426392,1.6190186,1.6907043
230,1.1021118,1.228241,1.331604,1.6015625,1.7001343,1.678772,1.7488403,1.8434143,1.8182373,1.7992859,1.8220215,1.8924255,1.9169922,1.9916687,2.0145264,1.9570007,1.5634766,1.5845947,1.4100647,1.5866394,1.5828247,1.5659485,1.6315002,1.5207825
229,1.7415161,1.5706177,1.7004395,1.8399353,1.7807007,1.9900513,1.970398,1.7912292,1.8098145,1.8190918,1.917511,1.8690796,1.9612122,1.8500671,2.0320435,1.9498901,1.9809875,1.6319275,1.5004578,1.3804932,1.3734436,1.4266968,1.4434509,1.3044739
228,2.0492249,1.9011841,1.8827515,1.9172974,1.8795776,1.9191895,1.842102,1.9903564,1.7789001,1.8542175,1.8135986,1.6903687,1.8945618,1.8380737,1.8902588,1.8983154,1.9108887,2.006012,1.7814331,1.947113,1.9298706,2.0056763,1.992218,1.8399048
227,2.1487732,2.084198,2.1424866,2.180481,1.964508,2.3531494,2.1422424,2.091278,2.1051025,2.2025146,2.151184,2.1918945,2.0168152,1.9844055,2.0718079,2.2650757,2.1587524,1.9092712,1.9961853,2.1350403,2.0107422,2.1699524,2.277069,2.2633667
226,2.4437256,2.3475342,2.1896973,2.157959,1.9555359,2.0351868,2.0011292,1.9223022,1.9940491,2.0178528,1.9687805,2.0546875,1.9820557,1.9763184,1.783844,1.9095764,2.0288696,2.2807312,2.2802734,2.1602783,2.2314758,2.226715,2.236267,2.2242126
225,2.1096802,2.1930847,2.0346375,1.8934326,2.0582886,1.947815,1.8389587,1.9034119,1.9616699,1.8869934,1.857544,1.823822,1.757721,1.9946594,2.0369263,2.1107788,2.5121155,2.271759,2.3261414,2.4628906,2.427887,2.4024658,2.3900452,2.3885498
224,1.90094,1.79422,1.9398193,1.9355164,1.8039551,1.8627319,1.6505737,1.7180176,1.811615,1.8086853,1.8158264,1.857666,1.8885498,1.8813782,1.8566284,1.6584778,2.0184937,1.92453,1.9538879,1.9171753,1.7241821,2.2606812,2.2611084,1.9851379
223,1.6369629,1.5599976,1.5906677,1.6965332,1.8379517,1.6965637,1.5407715,1.5673523,1.617218,1.6312866,1.572937,1.5940247,1.6700134,1.6251221,1.7174988,1.8606262,1.8040466,2.0122986,2.0038452,2.2827148,2.3081055,2.4033508,2.1629333,1.9740906
222,1.2112732,1.3628235,1.1979675,1.6681519,1.515564,1.7407532,1.4830322,1.4292297,1.4755249,1.499115,1.4449768,1.2472839,1.4327087,1.4172363,1.4353333,1.5848694,1.5449829,1.4076233,1.5332336,1.4940491,1.6957397,1.5256348,1.5930176,1.5362244
221,1.1032104,1.1683655,1.1760559,1.4553833,1.2683716,1.655365,1.4829102,1.5743103,1.5889282,1.647522,1.5587158,1.6084595,1.7260742,1.6896973,1.6370239,1.532196,1.3027649,1.4035645,1.216217,1.2398071,1.1574402,1.1168213,1.1277771,1.3191528
220,1.546814,1.4830322,1.4914551,1.1900635,1.3320312,1.2276611,1.337616,1.3658447,1.4465942,1.5358887,1.5672607,1.6385193,1.6802673,1.7976379,1.5791016,1.2677307,1.1726074,1.21521,0.97875977,1.4091797,1.2678528,1.0773315,1.0784607,1.0682373
219,1.3769836,1.1904602,1.3503418,1.1011963,1.2762146,1.526123,1.6689453,1.6322937,1.6343079,1.5035706,1.6708984,1.4812317,1.6730347,1.5574341,1.5498962,1.447815,1.1886597,1.0789795,1.1270142,1.4203186,1.4672852,1.181488,1.2400513,1.4721069
218,1.2401123,1.1079712,1.3892212,1.7096558,1.5859985,1.6992493,1.721405,1.7502747,1.6244812,1.7578735,1.6653748,1.5950928,1.5369568,1.6441345,1.4049988,1.4397888,1.26828,1.2507324,1.3371887,1.41745,1.3478394,1.6192932,1.6265869,1.5717468
217,1.0960083,1.0546265,1.1981201,1.4406128,1.4492188,1.6770935,1.6179504,1.6463318,1.5801697,1.7728271,1.8691101,1.7810669,1.6482544,1.6237488,1.543457,1.51828,1.3550415,1.2756348,1.131073,1.1245117,1.5075989,1.3867493,1.4863586,1.2908936
216,0.85787964,1.0064087,0.88900757,1.185791,1.2393494,1.4622192,1.4277344,1.513794,1.5771179,1.4929504,1.6213684,1.5324707,1.6654053,1.6880798,1.428833,1.0379028,0.96469116,1.0531006,0.9425659,1.0982361,1.0848083,1.0742188,1.154419,1.0935669
215,1.0969238,1.0376587,0.9298706,1.1834412,1.3885193,1.4311218,1.3442993,1.4471741,1.2770691,1.4562378,1.5623474,1.5377197,1.388855,1.5242004,1.329834,1.2643433,1.1096191,1.0252075,0.86798096,0.92453,0.9814453,1.0028381,0.9914856,1.0162048
214,1.489563,1.3548889,1.372406,1.5532837,1.5343933,1.5422974,1.4685059,1.5018616,1.5885925,1.6909485,1.6656189,1.6990356,1.5926208,1.677124,1.6641235,1.4118347,1.3135681,1.2431946,1.3460693,1.286438,1.319519,1.2458801,1.2988892,1.1178589
213,1.8268738,1.6643677,1.7206726,1.6924438,1.5499878,1.4765625,1.5696716,1.4971619,1.4906006,1.5649719,1.6201782,1.6430664,1.6940308,1.7233887,1.6539001,1.5909424,1.5691833,1.4307556,1.5677185,1.4884033,1.6013184,1.433136,1.5540771,1.4806824
212,1.9400024,1.5945435,1.9725342,1.8798523,1.7771301,1.8366699,1.6688538,1.7210999,1.7797546,1.7779541,1.8146362,1.7010193,1.7007141,1.647583,1.6104736,1.7130432,1.8766174,1.914917,2.0427246,2.152649,1.9066162,1.980072,2.119934,2.0534973
211,1.8042297,1.7365417,1.7521667,1.5851135,1.6052246,1.6087952,1.6557922,1.497345,1.6895142,1.6744385,1.7521057,1.5835266,1.6582642,1.5962524,1.7202759,1.7605591,1.7604065,1.8820496,2.0313416,2.022583,1.9905701,1.6925659,1.8718567,1.8803406
210,1.7594604,1.5829163,1.714386,1.6601868,1.6248474,1.6410522,1.6134033,1.5469666,1.4414673,1.6325378,1.5274963,1.6044922,1.6758423,1.7247314,1.6123962,1.6236877,1.5423889,1.6042786,1.5351257,1.627594,1.8739319,1.8569336,1.9417114,1.9393921
209,2.011444,1.743927,1.7688599,1.8894043,1.7236328,1.6097717,1.4206543,1.5754395,1.710968,1.6300964,1.7198792,1.802948,1.7528687,1.7275696,1.7127686,1.8713379,1.8096008,2.1036377,2.0631714,2.0167236,2.0949097,2.013977,2.0653076,1.7963257
208,1.9974976,1.9708252,1.7677307,1.7299194,1.6729736,1.7133484,1.7745361,1.6367493,1.826416,1.6235657,1.7104492,1.664856,1.6334229,1.6367493,1.6561279,1.8007507,2.0100098,2.0856018,2.077301,2.0484009,2.1688232,2.20224,2.0030823,2.0889587
207,1.9848938,1.9188843,1.8407593,1.7418823,1.7717285,1.8475647,1.8416443,1.7860718,1.7784424,1.7377319,1.7555542,1.7556458,1.6769409,1.6226196,1.8164368,1.971283,2.1777344,2.1257324,2.1522522,2.1265259,2.2961426,2.4283752,2.286377,2.1148376
206,1.9086914,1.8970032,1.950531,1.9590759,1.7635803,1.6723938,1.7388306,1.7058105,1.782074,1.8203125,1.8262634,1.6791687,1.8295288,1.788147,1.8837585,1.8977051,2.0297546,1.9566345,2.0767822,2.086792,2.0749817,2.141449,2.1064758,2.004547
205,1.9511719,1.9995117,1.895813,1.9714661,1.8020325,1.7517395,1.7621765,1.798706,1.72995,1.8227234,1.8071289,1.7344971,1.6737671,1.6892395,1.6904907,1.7888489,1.8903809,2.1128235,1.8871155,1.9223328,1.9254761,1.9315796,2.0281982,2.0493164
204,1.5501709,1.9348755,1.8043213,1.8938293,1.7127075,1.6163635,1.7535706,1.6783447,1.600708,1.8419495,1.6980286,1.5657959,1.6217957,1.6323853,1.677002,1.8386536,1.8587952,1.990509,1.9794617,1.9644165,2.0116882,1.927887,1.8946838,1.7976379
203,1.7843628,1.660614,1.593689,1.7976379,1.7808228,1.7378845,1.9328918,1.935791,1.8113403,1.8648987,1.8501892,1.7823792,1.7987976,1.8962402,1.786377,1.7360535,1.6512756,1.703186,1.7038879,1.7663879,1.8658447,1.6910095,1.8510437,1.6596069
202,1.6000671,1.5444946,1.6201172,1.5642395,1.4700317,1.4499207,1.5179138,1.4820251,1.4463806,1.664032,1.6814575,1.662262,1.5769348,1.675415,1.4934082,1.4868774,1.5849304,1.5644226,1.6730652,1.9433899,1.8505554,2.1186523,2.053009,1.7874756
201,1.9556274,1.8456726,1.8232422,1.6399536,1.5375366,1.5117798,1.5514221,1.4267883,1.5081482,1.4736328,1.5512695,1.5753479,1.4293823,1.8437805,1.6380615,1.5614929,1.5314331,1.5825806,1.5456238,1.6286316,1.9610596,2.0460205,2.005127,1.7297058
200,1.908905,1.7972717,1.7584229,1.7288513,1.7043457,1.6197815,1.6616516,1.5933533,1.5153809,1.5929871,1.6064453,1.710083,1.6932983,1.7876892,1.6851501,1.8291931,1.8598633,2.0462952,1.9649048,1.9165039,2.0170898,1.9826355,1.8675232,1.8492432
199,1.3832092,1.2142029,1.3617249,1.3730774,1.5244141,1.6524963,1.6298218,1.5804443,1.6462708,1.6654663,1.6486816,1.5901489,1.7521667,1.5377502,1.6149902,1.803772,1.7546997,1.7773438,1.7284546,1.6773682,1.7197266,1.8053284,1.8323059,1.8668213
198,1.4902344,1.4522095,1.4209595,1.6485596,1.696167,1.6499939,1.5786133,1.6224976,1.6502991,1.6368408,1.7347412,1.7475281,1.7032166,1.6238708,1.7218018,1.91922,1.8053284,1.6768799,1.540802,1.5686035,1.6992798,1.5483704,1.5619812,1.5336609
197,1.7690735,1.5760498,1.5314026,1.6111755,1.5843201,1.5714111,1.6051941,1.6624146,1.6061707,1.599762,1.537323,1.554596,1.4134216,1.5585632,1.5814819,1.3771362,1.6637573,1.6905518,1.7732239,1.9500427,1.7696838,1.7417908,1.7503662,1.5444336
196,1.6748047,1.7022705,1.520935,1.5901184,1.715332,1.7181396,1.7343445,1.5682373,1.4711609,1.4880981,1.5025024,1.546875,1.5812988,1.4806824,1.6305847,1.8441467,1.9790344,1.7572021,1.7980957,1.8395996,2.0574036,1.9289551,1.9802551,1.7382507
195,1.3791504,1.3253479,1.3620911,1.2442932,1.4700623,1.5498657,1.5943298,1.6029053,1.5751038,1.5875549,1.557312,1.6719055,1.566803,1.7499084,1.4929504,1.6567688,1.589447,1.5004578,1.6492004,1.7387085,1.7214966,1.7497864,1.8269348,1.7494507
194,1.1991272,1.2287903,1.282135,1.4058228,1.3703003,1.3893738,1.4214172,1.3627625,1.3723755,1.4074097,1.4414978,1.4985352,1.5463562,1.4831238,1.3710938,1.2835083,1.2828064,1.3399963,1.4569702,1.2576599,1.5535889,1.4888916,1.4353027,1.4472351
193,1.2449341,1.1987,1.2115479,1.2895508,1.4970398,1.4954834,1.4960632,1.6167297,1.546814,1.464447,1.4946594,1.4901123,1.3886108,1.4552307,1.5768738,1.5713806,1.5934448,1.3450012,1.4652405,1.3779602,1.3948059,1.3917236,1.3722534,1.652008
192,1.2489014,1.1296692,1.2268372,1.3248901,1.4864197,1.5046692,1.5670776,1.5290527,1.6200867,1.6381836,1.6477661,1.6727295,1.7102966,1.6099548,1.6141968,1.3785706,1.3139954,1.3095703,1.2935486,1.45047,1.3869629,1.3502502,1.3093262,1.2810059
191,1.2851257,1.1784363,1.1445923,1.1914062,1.3286438,1.3221436,1.364685,1.47052,1.5179443,1.5479431,1.6021118,1.6801758,1.7137146,1.6994019,1.5892944,1.2662354,1.2746582,1.1272583,1.1108093,1.1491089,1.3063049,1.2052917,1.2816467,1.2966614
190,1.0439148,1.1094971,1.0286865,1.104065,1.3049316,1.4596863,1.4902954,1.5150757,1.4803772,1.4064331,1.5874939,1.486969,1.5204773,1.671814,1.5245056,1.2251282,1.217102,1.185791,1.2765503,1.4041748,1.3044739,1.4521484,1.4592285,1.4938965
189,1.4366455,1.3237305,1.3457642,1.2772522,1.6221924,1.6231079,1.6126709,1.6719055,1.6633911,1.6890259,1.6930237,1.7280884,1.6652222,1.7254639,1.5653687,1.4447937,1.3504333,1.2374268,1.3880615,1.3279419,1.3146057,0.9942322,1.2330933,1.0593567
188,1.4309082,1.3562012,1.2893372,1.4202576,1.396637,1.545227,1.6110535,1.5639038,1.6738892,1.6847534,1.9425964,1.9220581,1.8087769,1.894928,1.6090393,1.4762878,1.4695435,1.5635376,1.457489,1.7544861,1.6270752,1.7944641,1.7684021,1.38797
187,1.2650146,1.1836853,1.3634949,1.3464355,1.2627258,1.2896423,1.5056458,1.6676941,1.6732483,1.6973877,1.7540283,1.7480164,1.7222595,1.677948,1.6114807,1.6063538,1.3327942,1.6925659,1.541687,1.5101929,1.4873352,1.4981995,1.608551,1.392334
186,1.4229431,1.3816223,1.041687,1.1817322,1.2924805,1.3338013,1.3086243,1.3280029,1.5984497,1.6338806,1.6339722,1.6840515,1.667572,1.5758667,1.5722961,1.4040833,1.5740051,1.5050354,1.5692749,1.2858582,1.3547974,1.3873901,1.394043,1.2782593
185,1.2418213,1.1411438,1.1919556,1.0871277,1.2922974,1.304779,1.5064697,1.4345703,1.4983826,1.5445557,1.6193848,1.5945129,1.5908203,1.6585999,1.453186,1.3977661,1.3546448,1.5328369,1.403717,1.2853088,1.4498291,1.3515015,1.3531799,1.2837524
184,1.4681702,1.4412842,1.3685303,1.4052429,1.4222107,1.377594,1.5351562,1.5715942,1.6021118,1.593811,1.7114868,1.7666016,1.6278381,1.6877441,1.6137085,1.321167,1.3187866,1.4129333,1.4177246,1.3898315,1.503479,1.3576965,1.3951416,1.229065
183,1.1255798,1.0717468,1.1667786,1.2727661,1.4476624,1.613678,1.6633606,1.6959534,1.5304871,1.9104004,1.7533875,1.7644043,1.7687683,1.7325745,1.5238342,1.4273987,1.2831421,1.1537476,1.2469177,1.308136,1.3682251,1.497467,1.3873596,1.4463806
182,1.1299133,1.0699768,1.1578674,1.232544,1.2881165,1.444458,1.4549866,1.5353699,1.5518188,1.5123291,1.8200378,1.8930359,1.8649597,1.6651001,1.6052246,1.4624634,1.2611389,1.1442871,1.1392517,1.0935059,1.2195129,1.3409729,1.354126,1.2732849
181,1.723114,1.2674866,1.275238,1.4585571,1.5276184,1.545929,1.6519165,1.626648,1.6876526,1.8205566,1.74823,1.6463013,1.6704407,1.5924988,1.5482788,1.1908875,1.2305298,1.1947937,1.3172607,1.3258057,1.3154907,1.1299133,1.1288147,1.1784668
180,1.4672241,1.3259277,1.3660583,1.2254944,1.3934326,1.2785339,1.3818054,1.4029846,1.4249268,1.4777222,1.5438538,1.6889038,1.7678528,1.7162476,1.5658264,1.4804993,1.3661499,1.3053284,1.2651367,1.2625732,1.3260498,1.4172363,1.4048462,1.4176941
179,1.150177,1.2457886,1.2235107,1.1954651,1.3258972,1.5762634,1.5453186,1.4792175,1.2581787,1.4805298,1.5801086,1.574585,1.553833,1.607605,1.4124146,1.3087463,1.2937622,1.170166,1.2161865,1.3153076,1.228363,1.3590088,1.4335327,1.4437866
178,1.3062439,1.2350769,1.2323608,1.1768799,1.368988,1.5241089,1.4710388,1.6318359,1.6190186,1.590332,1.5708313,1.6499023,1.6746521,1.5509033,1.3119812,1.1693115,1.125,1.20578,1.318573,1.357544,1.4167786,1.225647,1.1603394,1.187439
177,1.4839172,1.3960266,1.3680115,1.3357849,1.2591553,1.34375,1.382019,1.5458984,1.6110535,1.598938,1.6216431,1.5223083,1.5818176,1.5585938,1.3279724,1.4243469,1.3592224,0.9656677,1.3733826,1.2891846,1.1839294,1.1272888,1.1466064,1.2721558
176,1.652771,1.3959656,1.4302979,1.487915,1.5582886,1.4752808,1.5133667,1.5314636,1.5333557,1.6334839,1.6938171,1.7145386,1.6956482,1.7433167,1.4075928,1.3468933,1.5140076,1.4609375,1.59375,1.5380249,1.3355103,1.4267578,1.4086914,1.5381165
175,1.5994568,1.5461121,1.4081421,1.3588257,1.4853516,1.502594,1.4335022,1.4274597,1.5385742,1.5643921,1.4163818,1.4807739,1.3855896,1.54245,1.506897,1.6334229,1.5364685,1.7883606,1.8491821,1.7474976,1.9408264,1.6737976,1.6815186,1.4545593
174,1.5177307,1.5927734,1.4708252,1.419281,1.4718323,1.6408081,1.5164795,1.5921326,1.5910645,1.533081,1.5403442,1.5479736,1.581604,1.5779419,1.4670715,1.5692444,1.6483154,1.5780029,1.6992493,1.5838318,1.6478271,1.6231079,1.5187378,1.4942932
173,1.4920349,1.4884949,1.4085999,1.4542542,1.5787964,1.6293945,1.5443726,1.6708984,1.657196,1.4746094,1.5039673,1.5682068,1.4071045,1.5128174,1.6345215,1.7681885,1.8019104,1.7435913,1.7084656,1.6334839,1.8219299,2.1100464,1.528717,1.4867859
172,1.1966248,1.2032166,1.229248,1.1800232,1.3181152,1.2685852,1.3991089,1.326355,1.3005981,1.4108582,1.4125366,1.5467834,1.3050537,1.3920898,1.3345032,1.4529724,1.6404419,1.4997253,1.5432739,1.5307922,1.5509644,1.6674194,1.7257996,1.7055969
171,1.1407166,1.0447693,1.0811462,1.1874695,1.1558533,1.1022644,1.1367188,1.053833,1.1558838,1.2102356,1.2288208,1.2182312,1.1913452,1.1465759,1.0824585,0.98812866,0.99679565,1.0050354,1.0638733,1.0838928,0.97946167,0.9980774,1.0730591,1.1242065
170,1.1171265,1.2434692,1.1549072,1.1654663,1.2019348,1.2857666,1.2912903,1.2109375,1.393158,1.4352417,1.302887,1.3291321,1.3059387,1.3565979,1.2831421,1.1405334,0.95758057,1.0793152,1.239563,1.157135,1.1957703,1.1138306,1.0332031,1.1355591
169,1.1659851,1.248352,1.1570435,1.0804138,1.2467651,1.3194275,1.2885132,1.1759033,1.3239746,1.2840576,1.403717,1.3233337,1.3486938,1.4081421,1.2360535,1.2604065,1.2146606,1.3106079,1.3662109,1.4432678,1.446167,1.4675293,1.384613,1.145874
168,1.569458,1.4907227,1.4270325,1.154541,1.2801819,1.4077454,1.5117188,1.4501038,1.4445496,1.408844,1.3429871,1.2885437,1.2438965,1.366394,1.3180542,1.1629333,0.9184265,0.911499,1.1970215,1.2540588,1.2791443,1.3080139,1.0588684,1.0999756
167,1.5414124,1.411438,1.3042297,1.2797852,1.3033447,1.3852539,1.4264526,1.5482483,1.4550476,1.5454712,1.531189,1.4949646,1.6567383,1.5454712,1.3866272,1.2868042,1.2149048,1.4202576,1.3390503,1.399231,1.2648621,1.4840088,1.21521,1.3473816
166,1.648346,1.6212463,1.4795532,1.5710144,1.5341797,1.6083679,1.6185913,1.5889893,1.6365356,1.693512,1.5477905,1.5741577,1.745758,1.5493469,1.4421082,1.3482056,1.5958252,1.6426392,1.6631165,1.7358398,1.8063049,1.9621887,1.7363892,1.8067322
165,1.6152954,1.4975586,1.651123,1.5040283,1.5068359,1.5684509,1.6297607,1.6373901,1.6692505,1.6728516,1.6437073,1.7407227,1.7384033,1.8122253,1.6425476,1.4714966,1.506897,1.6722107,1.8624573,1.8251038,1.8025208,1.8393555,1.7825928,1.8820801
164,0.95480347,1.0429077,0.9372864,1.0639648,1.0550537,1.0773621,1.1521912,1.1380615,1.0361938,1.043396,0.9459839,1.0481262,1.1841125,1.1806335,1.1164246,1.1715698,1.3080139,1.1383362,1.4151917,1.4952087,1.5064697,1.5950012,1.6165771,1.6604004
163,1.1325073,1.1610718,1.1342773,0.97940063,0.95047,0.954895,1.0417175,1.0786133,1.1114197,1.0991516,1.2242432,1.1882629,1.1834106,1.322876,0.93573,0.8569946,0.980896,1.2043457,1.1021118,1.375824,1.3283081,1.3475647,1.0904846,1.046875
162,1.2265625,0.9801941,1.1916504,0.920105,0.8978882,0.9031677,0.8001404,0.9144592,0.86312866,0.93481445,1.0300903,1.0349731,1.1723633,1.0679932,0.76431274,0.89208984,0.8470154,0.98602295,1.131073,1.2614746,1.0710449,1.0739136,1.1731262,1.079956
161,1.3145142,1.5384827,1.2268982,1.1087952,0.95477295,0.90527344,1.140625,1.0473938,1.0520325,1.2546692,1.261261,1.1569824,1.3194275,1.3162231,0.9803467,0.9223938,0.8503723,0.777771,0.91156006,1.0663452,1.092041,1.1124573,1.2359009,1.2753296
160,1.1980591,1.4376221,1.1824341,1.2466736,1.396759,1.1047974,1.1486816,1.2347412,1.2654419,1.3256226,1.3471375,1.3988342,1.3598633,1.3970337,1.3380127,1.3684387,1.471283,1.6089478,1.3537292,1.3263245,1.2984619,0.9074402,1.2982178,1.3800659
159,1.3643494,1.0944824,1.2189331,1.3907471,1.3216248,1.4306946,1.4836426,1.4320374,1.4302063,1.4172668,1.4294739,1.5840149,1.5034485,1.3858032,1.2461853,1.351471,1.4016113,1.3422546,1.0271606,1.35495,1.0118713,1.1141968,1.110321,1.2289734
158,1.1377563,1.235199,1.1561584,1.1384583,1.4316711,1.290741,1.289978,1.2160645,1.1565552,1.236908,1.2788086,1.2991028,1.375946,1.4789734,1.3154602,1.2011108,1.2755432,1.0036621,1.1510315,1.1460876,1.0672607,1.0520325,1.2401428,1.1326904
157,1.5359497,1.5458679,1.5702515,1.3833008,1.6035156,1.579071,1.5910034,1.4755554,1.472168,1.4833984,1.4936218,1.4054871,1.3866272,1.4804077,1.1950684,1.2667542,1.1069946,1.1297913,1.1543579,1.2944946,0.96502686,1.1680908,1.130127,0.7719116
156,1.7091064,1.5881653,1.5561218,1.5849304,1.4658508,1.3623047,1.4064941,1.3048096,1.3327026,1.342926,1.3999023,1.5007324,1.4256287,1.6140137,1.4177551,1.1411133,1.5740967,1.4458008,1.2400818,1.3623352,1.415802,1.4176636,1.4941406,1.4372559
155,1.8796387,1.7539978,1.7521362,1.4880066,1.466217,1.5496216,1.5107422,1.7387695,1.7896729,1.57547,1.6766357,1.5784912,1.7295227,1.6809692,1.2440491,1.3089294,1.296814,1.282898,1.4736023,1.4819641,1.5233765,1.5088806,1.7331238,1.785675
154,1.7453613,1.6739502,1.7145996,1.6441345,1.6362305,1.6740723,1.6340942,1.7062988,1.4585266,1.8138733,1.582489,1.5354309,1.4102783,1.5032654,1.5798035,1.131134,1.4750366,1.621582,1.5870056,1.8027039,1.7732544,1.6575012,1.8426208,1.7602234
153,1.8660889,1.7380066,1.7860413,1.5256042,1.6745911,1.6226807,1.583374,1.632904,1.5371704,1.6226501,1.6303406,1.7095337,1.6755981,1.6408997,1.726654,1.642456,1.5098877,1.6019287,1.7784424,1.908844,2.1661377,2.0789795,2.109192,1.6546631
152,1.4630432,1.2705688,1.3149719,1.4146729,1.394165,1.4942627,1.2298279,1.2658386,1.4888306,1.4079285,1.4922485,1.5289001,1.5849304,1.596405,1.5429077,1.5986633,1.6282349,1.6842041,1.7667236,1.5119324,1.5338135,1.8591309,1.5551147,1.8475342
151,1.1513977,1.3097839,1.1354675,1.1275635,1.147644,1.2928162,1.1542664,1.3663635,1.4193726,1.3959045,1.4579773,1.5537415,1.5455322,1.6991577,1.5362244,1.5046997,1.2216492,1.3265991,1.6888733,1.5626526,1.6359863,1.8213501,1.5940552,1.1767578
150,1.2019653,1.1225586,1.04776,0.9360657,1.133606,1.1367188,1.1546936,1.1000977,1.2691956,1.4561768,1.257904,1.2854614,1.4327393,1.5500183,1.4571838,1.3526917,1.3876038,1.4550781,1.5083618,1.4737854,1.4725342,1.4290161,1.4612427,1.3605347
149,1.1872864,1.1395264,0.9649353,1.1104126,1.1942444,1.1269531,1.1002502,1.0954285,1.248291,1.2381287,1.2852783,1.2750549,1.0297852,1.1942444,1.4439697,1.361206,1.2039795,1.262207,1.2808838,1.3205566,1.3277588,1.0647278,1.2852478,1.1111145
148,1.0653381,0.9655762,1.0472107,1.1324463,1.1307068,1.1448059,1.1145325,1.2047424,1.2779846,1.1734619,1.2160645,1.2614746,1.3303223,1.3205261,1.132721,0.89224243,0.72076416,1.0025024,0.90234375,0.88916016,0.8386841,0.8752136,0.9939575,0.9324646
147,1.0337524,1.0627136,1.006012,1.135437,1.2606201,1.1719055,1.2980957,1.3235474,1.4318542,1.4655151,1.2546997,1.6711121,1.5343323,1.3251953,1.257843,1.3934021,1.0231018,1.1329651,1.0534058,0.9934387,1.042511,1.2028809,1.0049744,1.0333557
146,1.4010315,1.0448303,1.0323181,1.179657,1.1477051,1.4207458,1.3442688,1.3461914,1.405426,1.3655396,1.3996887,1.3645325,1.3849487,1.3978882,1.212738,0.87042236,0.71029663,0.70947266,0.6981201,0.8542175,0.9371643,0.8755188,0.81936646,0.95098877
145,1.4743347,1.4088135,1.3825073,1.2430725,1.2197571,1.382843,1.4108276,1.275177,1.4801636,1.4681396,1.5465088,1.5301819,1.5705872,1.5677795,1.5078735,1.1385193,1.2060852,1.1614685,1.3372803,1.4458313,1.4774475,1.282074,1.3096619,1.2905884
144,1.5558777,1.6377869,1.4225769,1.1975708,1.1838684,1.1317444,1.1133728,1.1218567,1.2698059,1.3874817,1.5518494,1.4799805,1.5906372,1.8175049,1.5454712,1.4407959,1.3127136,1.577301,1.6621704,1.7272644,1.835846,1.7519836,1.6008606,1.6289062
143,1.7443237,1.6916504,1.4721069,1.1751099,1.4244385,1.2427063,1.3362122,1.3814087,1.540741,1.51474,1.5356445,1.7624817,1.5994568,1.6496887,1.4938049,1.6511841,1.786438,1.8135071,1.9609375,1.9506836,1.7781677,1.6930847,1.6713867,1.7956238
142,1.7265625,1.5428467,1.3455505,1.1578674,1.119751,1.2678528,1.2176514,1.2213745,1.2379456,1.3522339,1.528717,1.7055969,1.5577393,1.7944641,1.4784241,1.4753418,1.3317261,1.5137024,1.7411194,1.6421509,1.674469,1.806488,1.8362732,1.6451416
141,1.2150269,1.3005066,1.3386841,1.0747375,1.1010437,1.0026855,0.98080444,1.2000427,1.430542,1.4733276,1.4785767,1.5342102,1.4944458,1.6052551,1.5022888,1.3192444,1.4993286,1.3585815,1.4795837,1.5711975,1.4066772,1.4450684,1.4649658,1.6044922
140,1.364502,1.4182434,1.2331543,1.1738586,1.1806641,1.4229126,1.2819214,1.3866272,1.2998352,1.425293,1.3008118,1.2178345,1.2932129,1.3916321,1.1585999,1.0918884,1.1286011,1.0797119,1.47229,1.647644,1.7765198,1.6351318,1.4934387,1.1054993
139,1.7342529,1.3982544,1.4825745,1.4451294,1.3873291,1.3181458,1.4282532,1.3744202,1.370636,1.4082336,1.4613953,1.3151855,1.3614807,1.4160156,1.4639282,1.5080566,1.4601135,1.8274231,1.6346741,1.5061646,1.5014648,1.4604797,1.6095886,1.6256104
138,1.0925903,1.4107971,1.0990906,1.1547546,1.150116,1.1914368,1.2662354,1.2579346,1.3717651,1.5332031,1.4447021,1.4200134,1.3824768,1.3579712,1.2744446,1.1929321,1.2980957,1.4613647,1.4679565,1.5188904,1.4276123,1.8907166,1.4753113,1.7763367
137,1.2428284,1.2161865,1.1180115,1.1713257,1.2799377,1.3634338,1.39328,1.3847351,1.4311829,1.4381104,1.4520264,1.4816589,1.7454834,1.5458679,1.3733826,1.2297974,0.9379883,1.0735779,1.3363647,1.1213074,1.2409973,1.428833,1.3948364,1.2821655
136,1.7818909,1.6258545,1.7232056,1.5376282,1.4345093,1.4579773,1.4989014,1.4250183,1.5853882,1.4904785,1.6838684,1.8282471,1.9223633,1.8931274,1.7200623,1.514679,1.2974548,1.5224304,1.2991943,1.3551636,1.3954773,0.9159851,1.3235168,1.4735718
135,1.4777222,1.3939209,1.4195862,1.3717346,1.442627,1.4818726,1.5314941,1.5642395,1.6199036,1.7412415,1.78302,1.9486084,1.9572144,1.8540955,1.7302551,1.660553,1.5387573,1.5711365,1.5838013,1.6975708,1.6396179,1.482727,1.7610168,1.5368042
134,1.4970093,1.451355,1.5289001,1.3940735,1.5910034,1.3580627,1.5067444,1.5641785,1.6334534,1.5336914,1.5532227,1.51828,1.4899292,1.581665,1.6670532,1.3852539,1.467102,1.624054,1.8409424,1.7626038,1.9075317,1.9000549,1.6530457,1.6455994
133,1.2622375,1.368042,1.460907,1.3003235,1.2279053,1.1245422,0.94470215,1.0483093,0.9685974,1.0096436,0.96258545,1.2817383,1.1347046,1.1175232,1.2375183,1.334198,1.5010986,1.3782043,1.4733887,1.7026978,1.6631165,1.6030273,1.4722595,1.5675964
132,1.6428833,1.6220093,1.5782471,1.5005493,1.5021973,1.4798584,1.5013733,1.4882812,1.5909729,1.5144653,1.5739746,1.3922119,1.5908508,1.6750488,1.6304016,1.5748596,1.526001,1.3652954,1.3959656,1.541626,1.5873108,1.4700012,1.4823303,1.267334
131,1.3858032,1.3023071,1.3751526,1.2893982,1.3769836,1.3301392,1.4515381,1.5536804,1.5406494,1.4645996,1.4736633,1.739563,1.6837158,1.6431885,1.5616455,1.3657532,1.5549316,1.4936218,1.217865,1.7178345,1.5411072,1.5783691,1.4959106,1.454834
130,1.6277771,1.6836243,1.7104492,1.4226379,1.2821655,1.2901306,1.4743042,1.3898315,1.3679504,1.4374084,1.4933167,1.3808899,1.3658752,1.4352112,1.5176697,1.5604248,1.8488159,1.9212646,2.0442505,1.9039307,1.5852966,1.8781433,1.53125,1.6529541
129,1.681488,1.7077637,1.6933899,1.5911255,1.4572754,1.3650818,1.2692871,1.312561,1.298645,1.3927917,1.5526428,1.4589539,1.2700195,1.1748047,1.2956543,1.4926758,1.8191833,2.0837708,1.7678528,1.9935608,1.8752441,1.9831238,1.74823,2.158722
128,1.4649353,1.5204468,1.4450073,1.3884583,1.3500671,1.163147,1.165802,1.2271423,1.2510376,1.0957031,1.0694885,1.0802917,0.9576721,1.2668152,1.2204285,1.2808838,1.7649841,2.008789,2.0253906,1.900116,2.111084,2.0536194,1.9552917,1.891449
127,1.0688171,1.079773,1.2051086,1.0736694,1.1394043,1.2052002,1.2048035,1.3238525,1.4275513,1.4131165,1.3828125,1.3899536,1.349762,1.3237915,1.4346313,1.4127808,1.6349487,1.3562927,1.5851135,1.3408813,1.4506226,1.5270996,1.4545288,1.4310608
126,1.0098877,1.0889893,1.046936,1.0630493,0.9840698,1.1853027,1.1252747,1.1754761,1.1530151,1.1487732,1.094574,1.2148132,1.3222351,1.2362671,1.3434448,0.9897461,0.8019409,0.9283447,1.0587158,1.0700684,1.0914001,0.9682617,0.65625,0.8775635
125,1.23526,0.9717407,0.95440674,1.1525269,1.2365112,0.9996643,0.98934937,1.0472412,1.1491394,1.1584167,1.1814575,1.1872559,1.1484985,1.1551819,1.2171936,1.1041565,1.1982727,0.8314514,1.3167114,1.052002,1.0957642,1.1355591,1.1127319,1.138031
124,0.89178467,0.84609985,0.9049072,0.96585083,1.1183472,1.1896362,1.0444336,1.2368774,1.1156311,1.2271729,1.0658264,1.2438965,1.2388,1.2025146,1.2349854,0.9100342,0.89715576,0.95513916,0.9060364,1.0597534,0.6947632,0.94888306,1.1479187,1.1410522
123,0.9439087,0.6434326,0.5501709,1.0699158,1.1819458,1.0602722,1.1564331,1.1811523,1.401947,1.2410889,1.3304443,1.3598938,1.0538025,1.4683228,1.219696,0.9691467,0.84384155,0.62094116,0.7936096,0.88809204,0.8581238,0.6753235,0.70773315,0.66534424
122,0.90478516,0.9234314,0.9328003,1.0995178,1.3261108,1.2893372,1.3252563,1.4063416,1.3308411,1.3738098,1.3647461,1.3529358,1.3190002,1.2868042,1.1858826,0.91000366,1.069397,0.96347046,1.0336304,0.80892944,0.94573975,0.9384155,1.0151062,0.97216797
121,0.9541626,0.93878174,0.81866455,1.035675,1.0476685,1.0933838,1.0849609,1.208252,1.3323059,1.3312073,1.2646179,1.1472778,0.92245483,1.2304077,1.2431946,1.0053711,0.9465332,0.9562988,0.58569336,0.84228516,0.8925781,0.829834,0.81292725,0.8634949
120,0.9766846,0.9602356,1.0216064,1.0658569,1.0947571,1.159668,1.2666931,1.263031,1.268158,1.2578735,1.212677,1.3561096,1.3689575,1.4737244,1.4126282,1.2456055,0.93725586,0.79711914,0.92459106,0.8767395,0.7118225,0.8814087,0.7860718,1.0435181
119,1.1778564,0.9692383,1.0815125,1.1500549,1.2489014,1.2555237,1.2670898,1.18573,1.1569519,1.2410278,1.2914124,1.2770996,1.3484497,1.2649536,1.3581848,1.3164978,1.0379028,1.0021362,0.96154785,1.0629883,1.2355957,1.1513062,1.0230103,0.8854065
118,1.4011536,1.239502,1.2037659,1.1804504,1.1331787,1.2225952,1.0402832,1.095398,1.01474,0.9107666,0.93307495,0.98413086,1.0836792,0.92910767,0.95059204,0.9161682,1.2941589,1.1416931,1.3526306,1.3602905,1.2260132,1.2214355,1.1897278,1.1913452
117,1.0278015,1.1117859,1.0647278,0.9690857,1.1595154,1.2298889,1.3565674,1.3276978,1.2457275,1.0810852,1.2735596,1.3620605,1.1851501,1.1647949,1.3595276,1.138092,1.1404724,1.3643799,1.2761536,1.3382874,1.3318787,1.0216064,1.1852722,1.4202576
116,1.3525391,1.4067993,1.219574,1.1196289,1.2460327,1.1503601,1.1910706,1.186676,1.1844482,1.2906799,1.2299805,1.1607666,1.2679749,1.5315857,1.2850952,1.4678345,1.5326233,1.282898,1.5218201,1.2474976,0.94000244,1.0690613,1.1113281,0.9309387
115,1.5296326,1.3104553,1.3022461,1.232605,1.151886,1.2055664,1.1779175,1.127594,1.0759888,1.088623,1.1750183,0.9680786,1.1464539,1.207489,1.150177,1.5101318,2.0847473,2.0898438,2.419159,1.7939148,1.9151306,1.6241455,1.6015625,1.5552063
114,1.3654785,1.3571167,1.2139893,1.3074951,1.2293091,1.0641785,0.9897766,0.92529297,0.9503479,0.81674194,0.93115234,0.7973938,0.8543091,0.79248047,0.95526123,1.1843872,1.1600952,1.2184448,1.6226807,1.6547241,1.8335876,1.7521057,1.7722473,1.660553
113,1.1181946,1.0851135,1.0706787,1.0275879,1.0925293,1.1514893,1.0212708,0.9946289,0.8935547,0.88757324,0.7792969,0.7872925,0.79629517,1.0195618,0.90444946,0.9768677,1.0708618,1.075531,1.2675476,1.348053,1.3850403,1.509491,1.45755,1.4262695
112,1.4048157,1.208435,1.1192322,1.0912781,1.0064392,1.0791931,1.0891113,0.988739,1.0238953,1.1360168,1.138092,1.0934753,1.0220032,1.0367737,1.1195984,1.2472839,1.3156738,1.2180481,1.2857971,1.002594,1.1088867,1.0723267,1.116394,1.0581055
111,1.343811,1.2783813,1.280304,1.2824707,1.1205444,1.4530334,1.3406067,1.3660889,1.4064636,1.4388123,1.5319214,1.5950012,1.3678894,1.306366,1.4951172,1.0421143,0.99172974,1.2634888,1.3044434,1.3439941,1.2549133,1.0498962,1.2096863,1.4026489
110,1.4654236,1.4882507,1.5620117,1.4393005,1.4243774,1.4517212,1.4297485,1.4198914,1.5068054,1.3551025,1.4379883,1.3512573,1.3443909,1.4679871,1.2745972,1.3641663,1.2936707,1.4879456,1.2634888,1.4031067,1.4118652,1.2282715,1.3667297,1.1838684
109,1.7457886,1.742218,1.3778076,1.0871582,1.0398254,1.0530701,1.1242981,1.1560364,1.2019043,1.2252197,1.3699341,1.3865356,1.1558228,1.2604675,1.3992615,1.4568176,1.5954285,1.7784424,1.5005798,1.7704163,1.7419739,1.780304,1.6906738,1.6192017
108,1.2583923,1.0928345,1.0400696,1.0794373,0.8753357,1.0400085,1.0424194,1.0314026,1.0107727,1.0595703,0.96972656,0.9642029,0.9680481,1.0748291,1.1623535,1.1973572,1.5951233,1.3215942,1.6251831,1.5612488,1.4881287,1.7410889,1.9449463,1.8200378
107,0.7812805,0.8536377,1.009613,1.1490479,1.4349365,1.3268127,1.2964172,1.3479309,1.324585,1.2295227,1.0066528,1.0759277,1.1712341,1.3679199,1.3529663,1.2110596,1.0130615,0.9732361,0.939209,1.0029907,1.145935,1.2043457,1.2346191,1.381958
106,0.39855957,0.14178467,0.41522217,0.7588806,0.87265015,0.8479004,0.86932373,0.8487549,0.991272,0.88067627,0.9953308,1.0461731,1.1418762,1.3427734,1.4104004,1.0833435,0.8265381,0.838501,0.23168945,0.33206177,0.61169434,0.57736206,0.38461304,0.6425781
105,1.1181946,0.8926697,0.7855835,0.83374023,0.95010376,0.8602295,0.7503967,0.65460205,0.75497437,0.7409668,0.50653076,0.36471558,0.38223267,0.48190308,0.52908325,0.7111206,0.7127075,0.58480835,0.5015259,0.19503784,0.20376587,0.41033936,0.49484253,0.53237915
104,0.73986816,0.9026184,0.7130432,1.057373,0.9366455,0.73947144,0.7714844,1.0376892,0.81533813,0.77142334,0.8496399,0.95913696,0.8276367,0.74472046,0.9369812,0.99212646,0.70480347,1.210846,1.2492371,1.0949707,0.52404785,0.97076416,1.107605,1.1865234
103,0.90463257,0.8805542,0.87228394,1.1986084,1.1035156,1.118927,1.2587585,1.1582947,1.1864014,1.3015747,1.3441467,1.4067383,1.5622864,1.6040955,1.4778442,1.2996826,0.91696167,0.5954895,0.79351807,1.0480042,1.0645142,0.8229065,0.92974854,0.983551
102,1.1280212,0.9291382,0.90335083,0.94247437,1.0752258,1.0482178,0.9968567,1.1038818,1.0846558,1.1380005,0.9930725,0.9953003,0.98846436,0.9579773,0.95996094,1.030426,0.82962036,0.92126465,1.0392151,1.1304321,1.051239,1.1311951,1.0004272,1.1287842
101,1.2296753,1.2144775,1.1394653,1.233429,1.296814,1.3363037,1.2908325,1.2094727,1.2302246,1.1691284,1.2672119,1.3760681,1.1799316,1.2357788,1.5213623,1.3280334,0.95147705,0.99090576,0.7035217,0.73083496,0.8460083,0.8195801,0.91345215,1.1192322
100,1.0393066,1.0574951,1.2423401,1.2719116,1.1626587,1.2304077,1.1800842,1.210907,1.0093994,1.0371704,1.0883179,1.0443115,0.9875183,1.0569458,1.1039429,1.1723938,1.1513367,1.0296936,1.1513367,1.2981873,1.4017029,1.4664307,1.5451965,1.1351624
99,0.8613281,1.039917,1.0175476,1.1946411,1.3890991,1.2181396,1.2172852,1.2658081,1.232666,1.1964417,1.179596,1.0494385,1.3843384,1.1362305,1.4052124,1.1829529,1.1251526,1.1536255,1.1515808,1.2263184,1.0466919,1.1217041,1.1374207,0.9312439
98,0.95773315,0.9472351,0.9093323,0.8734436,0.88217163,0.89675903,0.9295044,0.93341064,0.8002014,0.9293823,1.206543,1.138855,1.0775757,1.351593,1.489685,0.9746094,0.8810425,0.9844055,1.1005859,1.0598755,1.0049744,0.9607239,0.8050842,0.9664612
97,0.8198242,0.7708435,0.8243103,1.0017395,0.86990356,0.8158264,0.83587646,0.75668335,0.897522,0.9268799,0.9310608,0.6217041,0.78808594,0.81140137,0.9541321,0.98526,0.959198,0.9533386,1.3948975,1.7452698,1.6238403,1.3878479,1.114685,1.0900879
96,0.8383484,0.8951721,0.8777466,1.0084839,0.8562317,1.0281372,1.0249023,1.0300293,0.9788208,1.0643616,1.0068054,0.95095825,0.9727478,0.7538147,0.93362427,0.7619629,0.4197998,0.48492432,0.68344116,0.77197266,1.0360107,0.9755554,0.8031006,0.5939026
95,1.2950134,1.3423767,1.0502319,0.8042908,0.6567993,0.5758362,0.5617676,0.80249023,0.65026855,0.5550537,0.69140625,0.719635,0.66342163,0.6615906,0.5496521,0.7850952,0.79644775,1.4649658,1.3226013,1.1182251,1.3033142,1.0705261,1.2563477,1.0440369
94,0.8908081,0.92193604,0.84646606,0.9181824,0.85583496,0.7241211,0.6217041,0.41079712,0.46533203,0.45144653,0.3295288,0.4267578,0.44378662,0.49868774,0.33172607,0.7030029,1.107544,1.3417969,2.013855,1.5367737,1.2522583,0.9794922,1.3179626,1.4623108
93,0.9602051,0.9135132,0.9961548,1.0050964,1.074646,0.7679138,0.87387085,0.61035156,0.5271301,0.58306885,0.51498413,0.43417358,0.39059448,0.30215454,0.2982788,0.59680176,0.69262695,0.9713745,0.9908447,1.3123779,1.1581421,0.92318726,0.938385,0.99487305
92,0.3086853,0.3477173,0.68322754,0.73635864,1.0260315,0.9399109,0.8623352,0.8008423,0.677063,0.55960083,0.55010986,0.95614624,0.7395325,0.8295288,0.60687256,0.61331177,0.35610962,0.5791626,0.69958496,0.66955566,0.6930542,0.59140015,0.83932495,0.91900635
91,0.3350525,0.45385742,0.6442261,0.8692322,0.8591919,1.0148621,1.0186462,0.70880127,0.6784363,0.76226807,0.96313477,0.9897156,1.0121155,1.0200806,0.99935913,0.92755127,0.43618774,0.057556152,-0.059143066,0.078826904,0.094818115,0.47772217,0.068725586,0.2800598
90,0.4506836,0.352417,0.64056396,0.741272,0.8546753,0.9095459,1.0456543,1.1105652,1.149231,1.3091431,1.3920898,1.552124,1.5636292,1.6142578,1.6493225,1.0495605,0.2904358,0.38848877,0.09207153,-0.118621826,-0.22680664,0.08093262,0.3126831,0.34985352
89,1.2044983,1.0314636,1.2468262,1.3405151,1.4524231,1.2053833,1.4577942,1.548584,1.2813416,1.3215332,1.1893005,1.3335266,1.3562317,1.305481,1.3291321,1.2595215,1.3788452,0.9814148,1.1941528,1.223175,1.0929871,0.861145,0.74746704,0.65649414
88,1.3145142,1.524353,1.5167236,1.5700684,1.4920654,1.5082092,1.5422974,1.4547119,1.4053345,1.564148,1.5088806,1.5610352,1.5710144,1.29422,1.4496765,1.3845825,1.5037231,1.7571716,1.5908813,1.5602722,1.6317749,1.3854675,1.4078674,1.4793091
87,1.685852,1.4537354,1.2015991,1.411438,1.2906494,1.5529175,1.1694031,1.2844543,1.2123413,1.2901917,1.0710449,0.9938965,1.1428528,1.0841064,0.89611816,1.1295776,1.4350281,1.7364807,1.3572693,1.6420593,1.6350708,1.5846863,1.7381287,1.4060974
86,1.4040222,1.2045898,1.3903809,1.2074585,1.12323,0.9984436,0.9038086,0.90042114,0.7548218,0.6911011,0.88583374,1.0037842,0.9573059,1.0420227,0.6329346,0.9454346,1.236145,1.3568726,1.7844543,1.7580566,1.627533,1.7960205,1.6740417,1.267456
85,1.09021,1.0101318,0.933197,0.95288086,0.8523865,0.6888428,0.90283203,0.7206116,0.8609314,0.8522644,0.84558105,1.0829163,1.0206909,1.3664856,1.2975464,1.3221741,1.0973206,0.71447754,0.43969727,0.8435364,0.9890137,0.8090515,0.8581238,1.0584717
84,1.1476135,1.0918579,1.2173462,1.0519104,0.9126892,1.0343933,1.0465698,1.061676,0.9125366,1.0467224,1.1957092,1.2002869,1.0877075,1.1985474,1.0028076,1.1156311,1.1781616,1.0677795,1.0400696,1.1888123,1.0540771,1.294342,1.2675781,1.036438
83,1.3318481,0.7647095,0.98379517,1.1626587,1.0406494,1.3456726,1.5038452,1.6402588,1.6967773,1.1947327,1.380188,1.3771362,1.423706,1.3781738,1.5332947,1.4983826,1.2087708,0.7849426,1.1546631,1.0672302,0.8247986,0.7490845,1.1795654,1.1773071
82,1.164032,1.1958618,1.3059998,1.3390503,1.4730835,1.6979065,1.2876282,1.3832703,1.3977966,1.305603,1.702301,1.6083679,1.2351685,0.9640198,1.6968384,1.3510742,1.4147644,1.2469788,1.0968323,1.092804,0.81082153,1.1070557,1.2806396,0.9855957
81,0.9378662,0.92077637,1.2977905,1.3295898,1.2303772,1.0473633,1.0700684,1.4012451,1.2805786,1.5112305,1.4898987,1.5577698,1.8095093,1.5118103,1.3485107,1.3155823,1.4206848,1.3251343,1.2893677,1.1216736,1.4481201,1.427124,1.2125244,1.2844543
80,1.026886,1.1496582,1.2392883,1.1856995,1.2056274,1.2808838,1.1999512,1.0968628,1.1818848,1.0805664,1.0494995,1.1310425,1.1573181,1.1382751,1.065918,1.1715393,1.063446,1.2477112,1.382721,1.2951965,1.3695374,1.0336609,1.2342224,1.1028137
79,1.1335754,1.2069702,1.222229,1.1768799,1.6744995,1.4400635,1.5596008,1.3607483,1.4441223,1.653595,1.4408875,1.6263428,1.504242,1.5992432,1.6004639,1.3123779,1.4433289,1.156189,1.071106,1.4115295,1.421814,1.4484558,1.279541,1.2177124
78,0.94247437,0.8177185,1.3112793,1.2970276,1.2905579,1.5436096,1.3093567,1.0951843,0.99624634,1.0815125,0.93411255,0.8809509,1.0592346,0.8812866,0.8533325,0.8705139,0.85095215,0.8347473,1.1282349,1.2471008,0.86676025,0.97055054,0.80755615,1.1671753
77,0.5397339,0.25335693,0.61602783,0.9161072,1.0167542,1.030426,0.9867859,1.0884094,1.3340149,1.2043762,1.1433105,1.309967,1.521637,0.8408203,0.9935608,0.92663574,0.6961365,0.06994629,0.011047363,0.20336914,0.6022339,0.78863525,0.7168579,0.71313477
76,0.26934814,0.5697632,0.7216797,0.78408813,0.7330322,0.85601807,0.86135864,1.1158142,0.67910767,0.99676514,1.0781555,1.2736511,1.2512512,1.3486023,1.4437866,1.038269,1.0804138,0.69207764,0.05480957,0.68218994,0.4984436,0.45907593,0.5093689,0.45510864
75,0.515625,0.6843262,0.7991638,0.70651245,0.71698,0.78848267,0.7128296,1.117981,0.8421936,0.90478516,0.8406067,0.9042969,1.0256042,0.80477905,0.7419739,0.79541016,0.83325195,0.39212036,0.3110962,0.59802246,0.46957397,0.5336609,0.5231323,0.3356018
74,0.24334717,0.28884888,0.7217102,0.8590393,0.83029175,0.8597412,0.72888184,0.8380432,1.1103821,1.0929565,1.2545776,0.755188,0.8679199,0.98931885,0.81970215,0.8634033,0.7420044,0.3164673,0.08666992,0.31784058,0.28912354,0.5045166,0.35025024,0.31628418
73,0.5975647,0.514801,0.8557129,1.2691345,1.1956787,1.1594543,1.1970215,1.0449829,0.8263855,0.79507446,0.89227295,1.1814575,0.9406128,0.8128662,0.8873291,0.8842163,0.5463867,0.11663818,-0.17388916,-0.28485107,0.088775635,0.13018799,0.18319702,0.3074646
72,0.618927,0.98657227,0.85269165,0.87564087,0.9197998,0.822937,0.9467163,0.94226074,1.1229248,1.1784363,1.0856323,1.0399475,0.8416443,0.86920166,0.8597412,0.66793823,0.9499512,0.98339844,1.2652283,0.9961853,0.3804016,0.6375427,0.41506958,0.4401245
71,1.2572937,1.2985535,1.0186768,0.9840088,0.64334106,0.58303833,0.4552307,0.467865,0.39645386,0.4029541,0.30130005,0.3154602,0.4812317,0.24539185,0.38897705,0.39544678,0.81729126,0.85787964,0.53341675,0.5821228,0.8160095,0.5786133,0.6874695,0.8833008
70,0.5432434,0.5261841,0.96017456,1.0855408,1.1036377,1.2088623,1.1073914,0.953949,0.91897583,0.79190063,0.72546387,0.70336914,0.7267151,0.6161804,0.6031189,0.58288574,0.81585693,0.81188965,0.72817993,0.8463135,1.1463928,0.82528687,0.98760986,1.1277771
69,0.697876,1.0051575,1.1104126,1.0916748,1.2164917,0.86776733,1.0783386,1.269989,1.2954712,1.2668152,1.0388184,1.0368652,1.238617,1.2606812,1.250824,0.9496765,0.9685974,1.0744934,1.1575012,0.92233276,0.83239746,0.9503174,0.47155762,0.35528564
68,1.0144958,1.2246704,1.1932678,1.2559814,1.2549133,1.1213684,1.0653076,1.1763306,1.003418,1.1396179,0.9233093,0.7206421,1.309845,0.72817993,0.9213867,0.8711548,0.7399597,0.22702026,0.3215027,0.25216675,0.5767212,0.67370605,0.19766235,0.7875366
67,1.2033081,1.2249146,1.3891296,1.4229431,1.3621826,1.3174744,1.6662292,1.5599365,1.343689,1.3155823,1.0684814,1.1695251,1.1423645,0.96517944,0.7956543,0.7565918,0.8848877,0.598938,0.51605225,0.203125,1.0638733,1.0060425,1.0641785,0.9017029
66,1.148346,1.0576477,1.2079468,1.2624512,1.4195251,1.2407837,1.6837158,1.5072021,1.2640381,1.3974915,1.2120361,1.3280029,1.5787048,1.5307312,1.607727,1.604248,1.3308411,1.1304626,0.5067444,0.85787964,1.4709167,1.1456909,1.1421814,1.1615295
65,0.9397583,1.1019287,1.407074,1.2410889,1.2899475,1.2486267,1.3398743,1.296936,1.1205444,1.0957642,1.2880859,1.4047852,1.5338745,1.182312,1.2991638,1.482605,1.3253784,0.93237305,0.80078125,1.0428162,1.0807495,1.2929688,1.8437195,1.1434631
64,0.78201294,0.89538574,1.286377,1.4546509,1.2628479,1.4858398,1.3539124,1.525238,1.5262756,1.2442627,1.3190308,1.4719238,1.6173401,1.1029663,1.6971436,1.7879333,1.3088684,1.2124939,1.5842896,1.1516724,0.67108154,0.8310547,1.0746765,1.1791077
63,0.9581909,0.87109375,1.3569641,1.4724731,1.7383423,1.6169434,1.7630005,1.7998657,1.7799988,2.126709,1.790863,1.9853516,1.8392944,1.8882446,1.8266296,1.783783,1.39328,0.77178955,0.6636658,0.91244507,0.94644165,0.762146,0.64282227,0.71032715
62,1.1504517,1.2821655,1.5107117,1.4962463,1.5130005,1.5436707,1.4747314,1.7717285,1.5631104,1.424469,1.3782043,1.3013916,1.3008728,1.3364868,1.393158,1.2676086,1.1609497,1.0852661,1.0957031,1.3971252,1.3927612,1.1502991,1.0886536,1.0010071
61,0.9293823,1.0785828,1.2958679,1.3525391,1.1915283,1.1408386,1.1561584,1.2111206,1.2365417,1.1494141,1.2654114,1.225769,1.1621399,1.3098145,1.0379028,1.0157166,1.1298218,1.5010681,1.3712769,1.6675415,1.9198914,1.5805054,1.5565491,1.1340332
60,0.94348145,1.0928345,1.2202454,1.3244934,1.489624,1.5488586,1.3990784,1.4527893,1.0993347,1.515686,1.1967773,1.1896667,1.3909912,1.5967712,1.4357605,1.3157043,1.1487122,0.6609192,0.35391235,0.6123352,0.65008545,1.0649414,1.0179443,1.1032104
59,0.68356323,0.8060608,1.1368103,1.329834,1.6034851,1.6658936,1.6096497,1.9376526,1.8921814,2.33313,1.9719849,2.1459656,2.000702,2.235199,2.0098267,2.0682068,1.5484009,1.1331787,0.86102295,0.5999756,0.20513916,0.6631775,0.56588745,0.8614502
58,0.691803,0.6369629,1.2003479,1.7796326,1.6186218,1.5589294,1.4034729,1.6164551,1.52948,1.538269,1.8818359,1.9205017,1.7203064,1.9515076,2.0014343,1.88974,1.9619141,1.1927795,0.73062134,0.6949463,0.67059326,0.8956604,0.6219177,0.65493774
57,1.0902405,1.0807495,1.2485962,1.3798828,1.4798279,1.4259033,1.375,1.5057373,1.5840149,1.5627441,1.5977478,1.435852,1.771637,1.8963928,1.6106873,1.7781372,1.5325317,1.3095398,1.3646545,1.385376,1.010376,0.8727112,0.6596985,0.37557983
56,0.7671814,0.8301697,1.3602295,1.6725769,1.598114,1.6038208,1.5180969,1.7051697,1.5195007,1.5188904,1.6700745,1.5245361,1.8567505,2.015503,1.7123413,1.6479492,1.5956421,1.4267578,1.1404114,0.66586304,0.6576843,0.7894287,1.1513977,1.5671997
55,0.6394043,0.64227295,1.0490723,1.3745728,1.683075,1.6271057,1.6362305,1.654541,1.7845154,1.7226868,1.7958069,2.1515198,1.9123535,2.0233154,2.1246948,1.9191895,1.8052368,0.93548584,0.6185913,-0.007446289,0.024841309,0.22857666,0.5783386,0.4359436
54,1.0668945,1.0920105,1.5307922,1.5816345,1.7501221,1.8589783,1.9448242,2.0618286,1.9718628,2.035797,2.069336,2.118927,1.96344,1.9594727,2.0871887,2.3404846,1.5563049,1.1441345,0.4197693,0.23562622,0.1628418,0.24920654,0.33828735,0.5286865
53,1.2497559,1.0996704,1.5755005,1.7882385,1.8876038,2.1159668,1.7059326,1.8693848,1.8970642,1.5757751,1.8270264,1.9033813,1.9821777,2.096161,2.187561,2.334961,1.9561462,1.142395,0.6018982,0.9067688,0.5951538,0.9838257,1.0274658,1.0465393
52,1.3477783,1.1610107,1.5054016,1.6055298,1.5434875,1.7026978,1.5743713,1.6610107,1.6529846,1.6756897,1.7346497,1.632019,1.5328369,1.4598694,1.7046814,1.6711426,1.569519,1.4710083,1.4246521,1.5088501,1.4451904,1.2427063,1.1225586,1.1199341
51,0.9899597,1.1082153,1.4516907,1.1647949,1.6807251,1.7834473,1.6505432,1.4699402,1.5615234,1.7389221,1.5050964,1.5043335,1.5820312,1.4424133,1.7077942,1.7382507,1.4066467,1.4380188,1.579895,1.6317444,1.3904114,1.456665,1.5127563,1.246521
50,1.2931824,1.3552856,1.5906982,1.5177002,1.8036194,1.5074768,1.7791138,1.8787231,1.8588562,1.7788086,1.7984314,1.8882141,1.8565674,1.8404541,1.8254395,1.9281006,1.8454285,1.4626465,1.353363,1.2976074,0.96655273,0.9522095,0.89508057,0.86694336
49,1.4406738,1.300415,1.4064331,1.6800842,1.6528931,1.6514587,1.5862122,1.6017151,1.8512268,2.0656738,2.1898499,1.6177368,1.9152527,2.153717,2.2218628,2.0961304,2.0083313,1.4776306,0.7774353,0.59490967,0.43600464,1.1534119,0.91571045,1.0958557
48,1.177887,1.3609924,1.7906189,1.748291,1.4560852,1.6839294,1.7863464,1.7161865,1.5144653,1.6012573,1.5380554,1.565918,1.6395264,1.6247559,1.7265015,1.6488342,1.6609802,1.8555603,1.5142517,1.2813721,1.3525085,1.6641235,1.314209,1.6298218
47,1.1160583,1.3534851,1.3768616,1.569458,1.6591797,1.8251648,2.0031738,1.8459167,1.986084,2.0802917,1.8944092,2.2599487,2.3320923,2.1963196,2.0682983,2.0665894,1.7401123,1.5650024,1.5023804,1.1118469,1.2840576,1.2682495,1.0484619,1.3351135
46,0.9668274,1.2516785,1.1140442,1.0465698,1.2663269,1.4347534,1.5663452,1.5915222,1.5871582,1.5762634,1.4084778,1.5812378,1.6265259,1.777008,1.6127625,1.5084839,1.7190552,1.5080566,1.762085,1.9734802,2.317047,1.9872742,1.612793,1.3104858
45,1.2912903,1.3083191,1.4519653,1.38031,1.5240173,1.4706726,1.4262695,1.5723267,1.4803467,1.3278809,1.2514038,1.2629395,1.1655884,1.5553284,1.6772766,1.4859314,1.3899536,1.4257507,1.3919067,1.2229004,1.1271362,1.1375427,1.3459473,1.1557922
44,1.5089111,1.381897,1.6263428,1.7701416,1.8067932,1.9412842,1.9672852,1.925354,1.8122864,1.8959656,1.4103699,1.4989319,2.0169678,1.9359741,1.8635559,1.9233398,1.795929,1.320221,1.2457275,1.3370972,1.4550781,1.2558594,1.4872742,1.4293823
43,1.0648499,1.2126465,1.534668,1.5336609,1.826294,1.9996948,1.7485657,1.8512573,1.9608154,2.0522766,2.0195312,2.035675,2.0304565,2.027588,2.1410828,2.1899414,2.0784607,1.6655579,1.1820374,1.2233276,1.2331543,1.4713135,1.5781555,1.3712463
42,1.1653442,1.3322144,1.4638977,1.7852478,1.5869751,1.9127808,1.7069092,1.8937683,1.9086304,2.0032043,1.941864,2.0265198,1.8181763,1.7745361,1.8384094,2.145172,2.102478,1.5341797,0.9605408,0.7588806,0.7752075,0.90338135,0.61428833,1.1757812
41,0.7685852,1.2053833,1.5432739,1.7632751,1.8378601,1.9265747,1.8891296,2.1346436,2.0183105,1.9925537,2.2287598,2.024994,2.2441711,2.325653,2.3930054,2.504364,1.9161987,1.3736877,0.875,0.80218506,0.56118774,0.81170654,0.946167,0.6801758
40,1.0583496,1.5361328,1.5317078,1.553772,1.6627502,1.763916,1.5744019,1.7125549,1.6636658,1.479126,1.4223633,1.6442871,1.7075806,1.7910156,1.4985046,1.8024597,1.9136353,1.6304016,1.5437927,1.2469788,1.4364929,1.3420105,1.0935669,0.78408813
39,1.586731,1.7622681,1.5516968,1.6876831,1.3145752,1.5754395,1.6106567,1.5872192,1.6237793,1.594635,1.4830322,1.5795898,1.796051,1.4498901,1.4992371,1.6912537,1.7814636,1.5386963,1.7896729,1.8112488,1.5397644,1.7552185,1.6517334,1.3809814
38,1.0030518,1.5336304,1.9407959,2.2210083,2.3068848,2.3523865,2.380371,2.2795715,2.211792,2.2762146,2.7023926,2.6349487,2.441986,2.1833496,2.2247314,2.1022034,1.9434814,1.8337402,1.6307678,1.8054199,1.9468994,1.5741577,1.5009155,1.696167
37,1.2033997,1.4515381,1.9221497,2.172821,2.1811829,2.158661,2.2173767,2.1635437,2.453064,2.6061401,2.695282,2.6268616,2.6745605,2.7337952,2.6550293,2.5036926,2.4910278,2.0040588,1.9246826,1.280426,0.9668579,1.0930481,1.0507202,1.3665466
36,0.798584,0.98721313,1.357727,1.528595,1.5132141,1.675415,1.6413574,1.7532959,1.827179,1.7167358,1.8495789,2.0515137,2.0563354,2.0281067,2.4214172,2.374176,2.160553,1.7592468,1.3973999,0.69555664,1.0545044,1.0694885,0.94348145,0.9497986
35,0.66845703,1.1951904,1.458374,1.515625,1.5343323,1.4421997,1.1822815,1.5178528,1.3594666,1.2155762,1.2560425,1.1195374,1.1773376,1.4267883,1.2002563,1.6992188,1.4942017,1.2258301,1.3643188,1.0455627,1.1032104,0.9916687,0.76916504,0.57141113
34,0.9125061,1.5148315,1.6434937,1.5705872,1.5168152,1.6811218,1.7232056,1.7347717,1.7145386,1.9251709,1.4637756,2.1245117,1.632782,1.515564,1.2061157,1.3769836,1.440918,1.3227234,0.8629761,0.84439087,1.1140747,1.0055847,0.85684204,0.76309204
33,1.5620422,1.6329651,1.7226562,1.8293762,1.9497986,2.0865784,1.9528809,1.9440308,2.2391357,2.1461182,2.4284668,2.3119202,2.3180237,2.1468506,2.119049,2.162384,2.3072815,1.7271118,1.0145264,0.8300476,0.44717407,0.75408936,0.83322144,1.0128479
32,1.26474,1.6862183,1.616272,1.5833435,1.4594421,1.5850525,1.5943298,1.5621033,1.4824829,1.4898376,1.4500427,1.290741,1.7965088,1.5883484,1.8819885,1.872406,1.7162476,1.5624695,1.3045349,0.92648315,1.3543091,1.5415344,1.3606262,1.0730591
31,1.4072571,1.7030334,2.0122986,2.002533,2.0542908,1.7626343,1.8905029,1.8493652,1.9897766,2.1877136,2.2052307,2.271515,2.0396118,1.964447,1.7131653,1.8181458,1.8875732,1.5041809,1.34552,1.275116,1.3674011,1.1846313,1.4826355,1.3661194
30,1.5385437,1.6227112,1.7321777,1.8158875,1.5837708,2.032959,2.4448853,2.0708923,1.9381104,1.8816528,1.9426575,2.0749512,2.2138367,1.9796448,2.0618286,1.8865051,1.9594116,1.4593201,1.2463989,0.9490967,1.2489014,1.553772,1.4209595,1.3516235
29,1.428833,1.7753296,2.1783447,1.8667603,1.8487244,1.4624634,1.4744873,1.6800537,1.6694336,1.6384583,1.7648315,1.7579956,1.9998779,2.0768433,1.9121399,2.079193,2.1291199,1.470398,1.2232666,0.7521057,0.98269653,1.1981506,1.375061,1.4386597
28,0.9890747,1.1333618,1.3871765,1.4976196,1.4638672,1.5216675,1.6116333,1.6646118,1.5653381,1.800293,1.856842,1.8822327,1.7167358,1.875061,1.5787354,1.4377441,1.524231,1.4178467,1.398468,1.0758362,1.0345154,1.199646,1.2653503,1.4227295
27,1.2736816,1.3901978,1.3148193,1.5604553,1.6297302,1.6325073,1.8391418,1.5862732,1.7366028,1.6245117,1.532196,1.5300903,1.4864807,1.5700073,1.7419739,1.4777527,1.4978943,0.9371033,0.89331055,0.6826172,0.31698608,0.52957153,0.85147095,0.9732666
26,1.1556702,1.2697754,0.8388672,1.1672668,1.0672302,1.2571411,1.2598267,1.19281,1.1459961,1.0984192,1.1731262,1.0992432,1.0197449,0.90286255,1.5253296,1.3953247,1.4690247,0.8306885,1.127533,1.098999,0.7055359,1.1077881,1.2226257,1.2285156
25,0.71875,1.3158264,1.1861572,1.3840637,1.3916321,1.4850464,1.383728,1.4794312,1.3902588,1.4611511,1.2046814,1.2734375,1.2852783,1.2889099,0.8158264,1.7736206,1.1765137,1.0619812,0.74972534,0.65356445,0.8051758,0.57073975,1.0857849,1.2219238
24,1.4538574,1.0307312,0.729126,0.54397583,0.5189514,0.71191406,0.72384644,0.8159485,0.9666748,0.8755493,0.94314575,0.6878357,0.7970886,1.220398,1.2945862,1.2791138,1.0637512,1.2138977,1.0141907,1.0958862,1.2887268,1.3001709,1.1300659,1.3614807
23,1.0101318,1.0086365,0.96261597,0.9978943,0.86312866,0.8366089,0.8323059,0.9421692,1.1767883,1.2774353,0.88220215,0.84002686,1.0007629,1.083374,0.8334656,0.4947815,0.76260376,0.92489624,0.89004517,0.9626465,1.1328125,1.6030884,1.4398499,1.1651306
22,1.0857544,1.0887756,1.0833435,1.1265259,0.84246826,0.94714355,0.96347046,1.201294,1.4189148,1.1192932,1.3684998,1.1269531,1.0355835,1.5958862,1.6629333,1.565979,1.7269287,1.3452148,0.9944153,1.1895142,1.4424744,1.5678406,1.3378906,1.0905762
21,0.73583984,0.9259949,0.91244507,0.98846436,1.0595093,0.9749756,1.4938049,1.2029724,1.0203552,0.99383545,1.302002,1.3312988,1.5072021,1.3587341,1.2222595,1.1661987,1.1832275,1.2409973,0.96243286,0.98654175,0.598999,0.67581177,0.8944702,0.90771484
20,0.9182129,0.95462036,0.6645813,0.67388916,0.5604248,0.453125,0.57839966,0.55215454,0.632843,0.39230347,0.49398804,0.3215027,0.51519775,0.45407104,0.5760803,0.850708,1.0727539,0.6109314,0.6703491,0.29388428,0.958313,0.9498291,0.6642151,0.78744507
19,0.6832886,0.94000244,1.0317078,1.088623,0.9338074,1.233551,0.87716675,1.0700378,0.88442993,0.83358765,0.9256592,1.1896973,1.0469666,0.9701843,1.0346985,0.94415283,0.8399658,1.0339966,0.8992615,1.2896423,0.62179565,0.8300781,0.73550415,0.64190674
18,0.980072,1.1472778,0.93603516,0.773468,1.0098877,1.0372009,0.95318604,0.71606445,0.9336853,0.96643066,1.2306519,0.86654663,0.7095337,1.5056458,1.3608398,1.5388489,1.0023499,0.91256714,1.0231934,0.8135681,0.74935913,0.40930176,0.44262695,0.44125366
17,0.4606018,1.2120667,1.172699,1.3214722,1.5393677,1.494751,1.6363525,1.7305908,1.5289917,1.7174683,1.7901001,1.9294434,1.7912292,1.4662476,1.5941162,1.6407471,1.4093933,1.5640564,1.3973694,1.0679321,0.94052124,1.0137024,0.85931396,0.5788269
16,0.4289856,1.1593018,1.5465088,1.727417,1.644043,1.7437134,1.5760803,1.5744934,1.6993408,1.685669,1.9685669,2.1146545,1.8819275,1.9883118,1.9842529,1.7946777,1.6500549,1.5736694,1.2683716,1.9921875,1.6202087,1.3346252,0.7573242,0.59695435
15,0.4970398,0.88568115,1.1989136,1.4340515,1.6085815,1.6882324,1.76828,1.7356262,1.8056946,1.9891052,1.8119812,1.9726257,2.1283264,2.0141907,2.0396118,2.0186462,1.8463135,1.5143127,1.2042236,0.90426636,0.38452148,0.296875,0.51086426,0.72369385
14,0.71136475,1.0044861,1.5137329,1.481781,1.4963379,1.4097595,1.4546204,1.5028992,1.3869324,1.3724976,1.4595032,1.5887451,1.7570496,1.7121277,1.5180359,1.6577759,1.6227417,1.4510803,1.1191711,1.0094299,0.74450684,0.27450562,0.047027588,0.11340332
13,0.5609436,0.8003845,0.6210327,1.2429199,1.2743835,1.1394958,1.1948853,1.4148254,1.2428284,1.2193909,1.3764648,1.483551,1.268158,1.3496094,1.2160645,1.196228,1.0606384,0.8265381,0.34695435,-0.054718018,-0.2663269,0.15679932,0.15090942,0.34143066
12,0.51849365,1.0973511,1.4065857,1.5465698,1.5748291,1.4031982,1.6474915,1.7995605,1.5813293,1.5699158,1.5909729,1.7438354,1.4178467,1.4401245,1.6208496,1.5519714,1.3548584,1.170044,1.1383057,1.0468445,0.8937683,0.49487305,0.41629028,0.24603271
11,1.0246277,1.1338196,1.324646,1.1432495,1.3884277,1.4691772,1.4218445,1.4047241,1.3877563,1.3703613,1.40271,1.2833252,1.2611389,1.3092041,1.5417786,1.6139832,1.6500854,1.2052612,0.7323303,0.59277344,0.9397888,0.5163574,0.5203247,0.6446228
10,0.7764282,0.90200806,1.1125793,1.4946594,1.2428589,1.3569336,1.2779846,1.497345,1.2024536,1.141449,1.2278442,0.8267517,0.923645,1.2623901,1.2315979,1.29953,1.2974854,1.1001587,0.92453,0.8555603,0.91244507,0.57702637,0.6505432,0.80389404
9,1.2088623,0.9730835,0.868042,0.83517456,0.7644043,1.2181396,1.2041626,0.39642334,0.5007019,0.7581787,0.8591614,0.9491577,0.9700012,1.0741272,0.97021484,1.2605591,0.9949951,0.93551636,0.96920776,0.71569824,0.7430115,1.0094299,0.93045044,0.35369873
8,1.1252747,1.2222595,1.2321167,1.133728,1.4888,1.4588928,1.6279297,1.5843506,1.3888245,1.3547668,1.6437378,1.2597961,1.4475403,1.6289368,1.7225647,1.2187805,1.289032,1.3590698,1.2646484,1.2106934,0.9230652,1.0229187,0.8355713,1.0128784
7,1.2145996,1.013794,1.1712036,0.82077026,1.0028992,1.1779175,1.0365906,0.94488525,0.92700195,0.94226074,0.92099,0.93807983,0.9486084,0.8602905,1.0799255,0.93826294,0.79467773,1.1127014,1.084198,0.51446533,0.9702759,0.7337036,1.1462402,1.1239929
6,1.4572144,0.91452026,0.6438904,0.73898315,0.77697754,0.52453613,0.5079651,0.7861023,0.7923279,0.6947937,0.75335693,0.6419678,0.5967102,0.4116211,0.3182373,0.35211182,0.25531006,0.56170654,0.7911682,1.0020752,1.3123474,1.3140869,1.3209839,1.1944885
5,1.0502625,1.0264282,1.0609131,1.1177063,0.9784241,0.9955139,0.8385315,0.9727783,0.93478394,1.0813904,1.0134583,0.7067871,1.1127319,0.7803955,0.8171692,0.7538452,0.55444336,0.72680664,0.8274536,1.227356,1.4440002,1.316742,1.242279,1.1384888
4,1.0348206,0.8907471,0.8349304,0.8322754,0.86642456,1.0448303,0.75808716,0.8189392,0.8909912,0.7739868,0.9533386,1.1240845,1.1059875,1.0658569,0.8753357,1.0016174,1.0933228,0.94573975,1.419281,1.7154541,1.728302,1.3678284,1.5587769,1.2125244
3,1.1201477,1.5170593,1.521637,1.5695801,1.5271912,1.9024353,1.5767517,1.3994751,1.3383484,0.9284668,1.0905151,1.2563782,1.1139832,1.0932617,1.4378662,0.98132324,1.1904297,1.2928467,1.5114136,1.8035889,1.9385071,1.5640564,1.5580139,0.96118164
2,1.2507629,1.4579468,1.4187927,1.8448792,1.7730713,1.7787781,1.6724243,1.6738892,1.6938477,1.8851624,1.5011902,1.5377502,1.6517639,1.5787048,1.6416931,1.4734802,1.8117065,1.507019,1.596283,1.280304,1.0699768,1.367279,1.1689453,1.333252
1,1.6577454,1.7421265,1.6853943,1.557312,1.7533875,1.7814026,1.6246338,1.4664917,1.658783,1.6519165,1.7818604,1.8656006,1.7331848,1.704956,1.6173401,1.5744324,1.5871277,1.5292969,1.5348816,1.5329895,1.5039062,1.4181519,1.3166199,1.3140259
